-- =====================================================================
-- Données de démonstration réalistes — investisseurs, patrimoines,
-- allocations, souscriptions, flux (appels/distributions) et timeline.
-- Idempotent : purge du namespace UUID dédié puis réinsertion.
-- =====================================================================
begin;

-- 1. Purge ciblée (les allocations passent en client_id NULL au delete client :
--    on les supprime donc explicitement, ce qui cascade lignes + souscriptions).
delete from public.allocations where client_id in ('dada0001-0001-4000-8000-000000000000', 'dada0001-0002-4000-8000-000000000000', 'dada0001-0003-4000-8000-000000000000', 'dada0001-0004-4000-8000-000000000000', 'dada0001-0005-4000-8000-000000000000', 'dada0001-0006-4000-8000-000000000000', 'dada0001-0007-4000-8000-000000000000', 'dada0001-0008-4000-8000-000000000000', 'dada0001-0009-4000-8000-000000000000', 'dada0001-0010-4000-8000-000000000000', 'dada0001-0011-4000-8000-000000000000');
delete from public.clients where id in ('dada0001-0001-4000-8000-000000000000', 'dada0001-0002-4000-8000-000000000000', 'dada0001-0003-4000-8000-000000000000', 'dada0001-0004-4000-8000-000000000000', 'dada0001-0005-4000-8000-000000000000', 'dada0001-0006-4000-8000-000000000000', 'dada0001-0007-4000-8000-000000000000', 'dada0001-0008-4000-8000-000000000000', 'dada0001-0009-4000-8000-000000000000', 'dada0001-0010-4000-8000-000000000000', 'dada0001-0011-4000-8000-000000000000');

-- 2. Clients (identité + qualification complète)
insert into public.clients (id, cabinet_id, conseiller_id, reference, first_name, last_name, email, phone, address, birth_date, nationality, status, patrimoine_financier, risk_profile, experience, horizon_years, liquidity, notes, kyc, adequacy, esg_profile, tax, created_at, updated_at) values ('dada0001-0001-4000-8000-000000000000', '00000000-0000-0000-0000-0000000000c1', '7b88309f-8fae-4ae2-b7d1-1603c211d7d4', 'PC-2021-014', 'Jean-Philippe', 'Arnaud', 'jp.arnaud@monteverde-invest.fr', '+33 6 12 44 87 03', '18 avenue Montaigne, 75008 Paris', '1962-03-14', 'Française', 'actif', 4200000, 'offensif', 'averti', 12, 'forte', 'Cédant industriel (2020). Recherche de réemploi long terme et de diversification non cotée. Sensible au reporting et à la qualité des gérants.', '{"situation_familiale":"marie","nb_enfants":3,"profession":"Chef d''entreprise (cédant)","statut_pro":"dirigeant","revenus_annuels":"gt_500k","origine_patrimoine":["cession","epargne"],"ppe":"non"}'::jsonb, '{"conn_actions":"experte","conn_obligataire":"bonne","conn_non_cote":"experte","conn_immobilier":"bonne","nb_operations":"gt_20","reaction_baisse":"renforcer","capacite_perte":"gt_50","objectif_principal":"croissance"}'::jsonb, '{"integration":"oui","part_durable":20,"alignement_taxonomie":10,"pai":"oui","exclusions":["fossiles","charbon"],"thematiques":["climat","gouvernance"]}'::jsonb, '{"residence_fiscale":"france","pays_residence":"","tmi":"45","assujetti_ifi":"oui","patrimoine_immobilier":2100000,"parts_foyer":2,"enveloppes":["pea","av","per","compte_titres"],"objectifs_fiscaux":["reduction_ifi","capitalisation","transmission"]}'::jsonb, '2025-07-12 10:00:00+00', '2026-07-03 10:00:00+00');
insert into public.clients (id, cabinet_id, conseiller_id, reference, first_name, last_name, email, phone, address, birth_date, nationality, status, patrimoine_financier, risk_profile, experience, horizon_years, liquidity, notes, kyc, adequacy, esg_profile, tax, created_at, updated_at) values ('dada0001-0002-4000-8000-000000000000', '00000000-0000-0000-0000-0000000000c1', '7b88309f-8fae-4ae2-b7d1-1603c211d7d4', 'PC-2023-041', 'Camille', 'Rousseau', 'camille.rousseau@nova-tech.io', '+33 6 78 21 55 90', '7 quai de Bourbon, 69005 Lyon', '1979-09-02', 'Française', 'actif', 2800000, 'dynamique', 'averti', 10, 'moyenne', 'Fondatrice tech, forte appétence croissance et innovation. Souhaite conserver de la liquidité pour d''éventuels réinvestissements pros.', '{"situation_familiale":"pacse","nb_enfants":2,"profession":"Dirigeante fondatrice (SaaS)","statut_pro":"dirigeant","revenus_annuels":"250_500k","origine_patrimoine":["professionnel","epargne"],"ppe":"non"}'::jsonb, '{"conn_actions":"bonne","conn_obligataire":"limitee","conn_non_cote":"bonne","conn_immobilier":"bonne","nb_operations":"6_20","reaction_baisse":"renforcer","capacite_perte":"25_50","objectif_principal":"croissance"}'::jsonb, '{"integration":"oui","part_durable":20,"alignement_taxonomie":10,"pai":"oui","exclusions":["fossiles","charbon"],"thematiques":["climat","gouvernance"]}'::jsonb, '{"residence_fiscale":"france","pays_residence":"","tmi":"45","assujetti_ifi":"non","patrimoine_immobilier":0,"parts_foyer":2,"enveloppes":["pea","av","per","compte_titres"],"objectifs_fiscaux":["capitalisation","transmission"]}'::jsonb, '2025-08-01 10:00:00+00', '2026-07-03 10:00:00+00');
insert into public.clients (id, cabinet_id, conseiller_id, reference, first_name, last_name, email, phone, address, birth_date, nationality, status, patrimoine_financier, risk_profile, experience, horizon_years, liquidity, notes, kyc, adequacy, esg_profile, tax, created_at, updated_at) values ('dada0001-0003-4000-8000-000000000000', '00000000-0000-0000-0000-0000000000c1', '7b88309f-8fae-4ae2-b7d1-1603c211d7d4', 'PC-2019-006', 'Henri', 'de Montfort', 'h.demontfort@orange.fr', '+33 6 09 33 71 22', '22 boulevard Carnot, 06400 Cannes', '1957-06-25', 'Française', 'actif', 6500000, 'equilibre', 'averti', 8, 'faible', 'Patrimoine mature, priorité transmission et revenus complémentaires. Déjà exposé au non-coté via millésimes antérieurs.', '{"situation_familiale":"marie","nb_enfants":2,"profession":"Retraité (ancien banquier d''affaires)","statut_pro":"retraite","revenus_annuels":"100_250k","origine_patrimoine":["epargne","heritage","immobilier"],"ppe":"non"}'::jsonb, '{"conn_actions":"bonne","conn_obligataire":"bonne","conn_non_cote":"experte","conn_immobilier":"bonne","nb_operations":"6_20","reaction_baisse":"attendre","capacite_perte":"25_50","objectif_principal":"transmission"}'::jsonb, '{"integration":"non","part_durable":0,"alignement_taxonomie":0,"pai":"non","exclusions":[],"thematiques":[]}'::jsonb, '{"residence_fiscale":"france","pays_residence":"","tmi":"41","assujetti_ifi":"oui","patrimoine_immobilier":3400000,"parts_foyer":2,"enveloppes":["pea","av","per","compte_titres"],"objectifs_fiscaux":["reduction_ifi","capitalisation","transmission"]}'::jsonb, '2025-08-21 10:00:00+00', '2026-07-03 10:00:00+00');
insert into public.clients (id, cabinet_id, conseiller_id, reference, first_name, last_name, email, phone, address, birth_date, nationality, status, patrimoine_financier, risk_profile, experience, horizon_years, liquidity, notes, kyc, adequacy, esg_profile, tax, created_at, updated_at) values ('dada0001-0004-4000-8000-000000000000', '00000000-0000-0000-0000-0000000000c1', '7b88309f-8fae-4ae2-b7d1-1603c211d7d4', 'PC-2023-058', 'Sophie', 'Lemaître', 'dr.lemaitre@chirurgie-lyon.fr', '+33 6 51 88 24 17', '14 rue Vaubecour, 69002 Lyon', '1974-11-30', 'Française', 'actif', 3100000, 'dynamique', 'initie', 11, 'moyenne', 'Profession libérale, revenus élevés. Recherche capitalisation et réduction de la fiscalité sur les revenus du patrimoine.', '{"situation_familiale":"divorce","nb_enfants":2,"profession":"Chirurgienne libérale","statut_pro":"independant","revenus_annuels":"250_500k","origine_patrimoine":["professionnel","immobilier"],"ppe":"non"}'::jsonb, '{"conn_actions":"bonne","conn_obligataire":"limitee","conn_non_cote":"limitee","conn_immobilier":"bonne","nb_operations":"6_20","reaction_baisse":"renforcer","capacite_perte":"25_50","objectif_principal":"croissance"}'::jsonb, '{"integration":"non","part_durable":0,"alignement_taxonomie":0,"pai":"non","exclusions":[],"thematiques":[]}'::jsonb, '{"residence_fiscale":"france","pays_residence":"","tmi":"45","assujetti_ifi":"oui","patrimoine_immobilier":1250000,"parts_foyer":2.5,"enveloppes":["pea","av","per","compte_titres"],"objectifs_fiscaux":["reduction_ifi","capitalisation","transmission"]}'::jsonb, '2025-09-10 10:00:00+00', '2026-07-03 10:00:00+00');
insert into public.clients (id, cabinet_id, conseiller_id, reference, first_name, last_name, email, phone, address, birth_date, nationality, status, patrimoine_financier, risk_profile, experience, horizon_years, liquidity, notes, kyc, adequacy, esg_profile, tax, created_at, updated_at) values ('dada0001-0005-4000-8000-000000000000', '00000000-0000-0000-0000-0000000000c1', '7b88309f-8fae-4ae2-b7d1-1603c211d7d4', 'PC-2024-072', 'Marc', 'Delaunay', 'marc.delaunay@gmail.com', '+33 6 62 40 19 88', '31 rue de la République, 44000 Nantes', '1966-01-18', 'Française', 'actif', 2200000, 'equilibre', 'initie', 9, 'moyenne', 'Cadre dirigeant, épargne régulière. Premier accès au non-coté, prudent sur le rythme d''appel.', '{"situation_familiale":"marie","nb_enfants":3,"profession":"Directeur général (ETI)","statut_pro":"dirigeant","revenus_annuels":"250_500k","origine_patrimoine":["professionnel","epargne"],"ppe":"non"}'::jsonb, '{"conn_actions":"bonne","conn_obligataire":"bonne","conn_non_cote":"limitee","conn_immobilier":"bonne","nb_operations":"6_20","reaction_baisse":"attendre","capacite_perte":"25_50","objectif_principal":"croissance"}'::jsonb, '{"integration":"non","part_durable":0,"alignement_taxonomie":0,"pai":"non","exclusions":[],"thematiques":[]}'::jsonb, '{"residence_fiscale":"france","pays_residence":"","tmi":"41","assujetti_ifi":"non","patrimoine_immobilier":0,"parts_foyer":2.5,"enveloppes":["pea","av","per","compte_titres"],"objectifs_fiscaux":["capitalisation","transmission"]}'::jsonb, '2025-09-30 10:00:00+00', '2026-07-03 10:00:00+00');
insert into public.clients (id, cabinet_id, conseiller_id, reference, first_name, last_name, email, phone, address, birth_date, nationality, status, patrimoine_financier, risk_profile, experience, horizon_years, liquidity, notes, kyc, adequacy, esg_profile, tax, created_at, updated_at) values ('dada0001-0006-4000-8000-000000000000', '00000000-0000-0000-0000-0000000000c1', '7b88309f-8fae-4ae2-b7d1-1603c211d7d4', 'PC-2020-011', 'Élodie', 'Fontaine', 'elodie.fontaine@protonmail.com', '+33 6 14 77 63 09', '5 place des Vosges, 75004 Paris', '1984-04-07', 'Française', 'actif', 5000000, 'offensif', 'averti', 13, 'forte', 'Patrimoine issu d''une transmission familiale. Horizon long, forte tolérance au risque, appétence impact et innovation.', '{"situation_familiale":"celibataire","nb_enfants":0,"profession":"Investisseuse privée","statut_pro":"sans_emploi","revenus_annuels":"100_250k","origine_patrimoine":["heritage","cession"],"ppe":"non"}'::jsonb, '{"conn_actions":"experte","conn_obligataire":"bonne","conn_non_cote":"experte","conn_immobilier":"bonne","nb_operations":"gt_20","reaction_baisse":"renforcer","capacite_perte":"gt_50","objectif_principal":"croissance"}'::jsonb, '{"integration":"oui","part_durable":40,"alignement_taxonomie":20,"pai":"oui","exclusions":["fossiles","charbon","armement"],"thematiques":["climat","biodiversite"]}'::jsonb, '{"residence_fiscale":"france","pays_residence":"","tmi":"45","assujetti_ifi":"oui","patrimoine_immobilier":1800000,"parts_foyer":1,"enveloppes":["pea","av","per","compte_titres"],"objectifs_fiscaux":["reduction_ifi","capitalisation","transmission"]}'::jsonb, '2025-10-20 10:00:00+00', '2026-07-03 10:00:00+00');
insert into public.clients (id, cabinet_id, conseiller_id, reference, first_name, last_name, email, phone, address, birth_date, nationality, status, patrimoine_financier, risk_profile, experience, horizon_years, liquidity, notes, kyc, adequacy, esg_profile, tax, created_at, updated_at) values ('dada0001-0007-4000-8000-000000000000', '00000000-0000-0000-0000-0000000000c1', '7b88309f-8fae-4ae2-b7d1-1603c211d7d4', 'PC-2024-089', 'Thomas', 'Berger', 'thomas@berger-ventures.com', '+33 6 33 90 12 45', '9 rue du Sentier, 75002 Paris', '1978-08-21', 'Française', 'actif', 1900000, 'offensif', 'averti', 12, 'moyenne', 'Business angel actif. Cherche à professionnaliser sa poche non cotée via des fonds institutionnels.', '{"situation_familiale":"marie","nb_enfants":1,"profession":"Entrepreneur série (tech)","statut_pro":"dirigeant","revenus_annuels":"100_250k","origine_patrimoine":["cession","professionnel"],"ppe":"non"}'::jsonb, '{"conn_actions":"experte","conn_obligataire":"bonne","conn_non_cote":"bonne","conn_immobilier":"bonne","nb_operations":"gt_20","reaction_baisse":"renforcer","capacite_perte":"gt_50","objectif_principal":"croissance"}'::jsonb, '{"integration":"non","part_durable":0,"alignement_taxonomie":0,"pai":"non","exclusions":[],"thematiques":[]}'::jsonb, '{"residence_fiscale":"france","pays_residence":"","tmi":"41","assujetti_ifi":"non","patrimoine_immobilier":0,"parts_foyer":2,"enveloppes":["pea","av"],"objectifs_fiscaux":["capitalisation","transmission"]}'::jsonb, '2025-11-09 10:00:00+00', '2026-07-03 10:00:00+00');
insert into public.clients (id, cabinet_id, conseiller_id, reference, first_name, last_name, email, phone, address, birth_date, nationality, status, patrimoine_financier, risk_profile, experience, horizon_years, liquidity, notes, kyc, adequacy, esg_profile, tax, created_at, updated_at) values ('dada0001-0008-4000-8000-000000000000', '00000000-0000-0000-0000-0000000000c1', '7b88309f-8fae-4ae2-b7d1-1603c211d7d4', 'PC-2024-095', 'Nathalie', 'Girard', 'nathalie.girard@outlook.fr', '+33 6 71 05 38 26', '48 cours Gambetta, 33000 Bordeaux', '1969-12-05', 'Française', 'actif', 1600000, 'prudent', 'initie', 8, 'faible', 'Profil prudent, sensible à la préservation du capital et à la dette privée / infrastructure.', '{"situation_familiale":"marie","nb_enfants":2,"profession":"Directrice administrative et financière","statut_pro":"salarie","revenus_annuels":"100_250k","origine_patrimoine":["epargne","professionnel"],"ppe":"non"}'::jsonb, '{"conn_actions":"limitee","conn_obligataire":"bonne","conn_non_cote":"limitee","conn_immobilier":"bonne","nb_operations":"1_5","reaction_baisse":"attendre","capacite_perte":"10_25","objectif_principal":"preservation"}'::jsonb, '{"integration":"non","part_durable":0,"alignement_taxonomie":0,"pai":"non","exclusions":[],"thematiques":[]}'::jsonb, '{"residence_fiscale":"france","pays_residence":"","tmi":"41","assujetti_ifi":"non","patrimoine_immobilier":0,"parts_foyer":2,"enveloppes":["pea","av"],"objectifs_fiscaux":["capitalisation","transmission"]}'::jsonb, '2025-11-29 10:00:00+00', '2026-07-03 10:00:00+00');
insert into public.clients (id, cabinet_id, conseiller_id, reference, first_name, last_name, email, phone, address, birth_date, nationality, status, patrimoine_financier, risk_profile, experience, horizon_years, liquidity, notes, kyc, adequacy, esg_profile, tax, created_at, updated_at) values ('dada0001-0009-4000-8000-000000000000', '00000000-0000-0000-0000-0000000000c1', '7b88309f-8fae-4ae2-b7d1-1603c211d7d4', 'PC-2019-002', 'Antoine', 'Mercier', 'a.mercier@mercier-family.office', '+33 6 08 55 47 91', '3 avenue Foch, 75116 Paris', '1964-02-28', 'Française', 'actif', 8200000, 'dynamique', 'averti', 14, 'forte', 'Family office multigénérationnel. Programme de commitments récurrent, allocation cible non cotée > 30 %. Exigeant sur la sélection et la transparisation.', '{"situation_familiale":"marie","nb_enfants":4,"profession":"Family officer","statut_pro":"dirigeant","revenus_annuels":"gt_500k","origine_patrimoine":["heritage","cession","immobilier"],"ppe":"oui"}'::jsonb, '{"conn_actions":"bonne","conn_obligataire":"limitee","conn_non_cote":"experte","conn_immobilier":"bonne","nb_operations":"6_20","reaction_baisse":"renforcer","capacite_perte":"25_50","objectif_principal":"transmission"}'::jsonb, '{"integration":"oui","part_durable":20,"alignement_taxonomie":10,"pai":"oui","exclusions":["fossiles","charbon"],"thematiques":["climat","gouvernance"]}'::jsonb, '{"residence_fiscale":"france","pays_residence":"","tmi":"45","assujetti_ifi":"oui","patrimoine_immobilier":4200000,"parts_foyer":3,"enveloppes":["pea","av","per","compte_titres"],"objectifs_fiscaux":["reduction_ifi","capitalisation","transmission"]}'::jsonb, '2025-12-19 10:00:00+00', '2026-07-03 10:00:00+00');
insert into public.clients (id, cabinet_id, conseiller_id, reference, first_name, last_name, email, phone, address, birth_date, nationality, status, patrimoine_financier, risk_profile, experience, horizon_years, liquidity, notes, kyc, adequacy, esg_profile, tax, created_at, updated_at) values ('dada0001-0010-4000-8000-000000000000', '00000000-0000-0000-0000-0000000000c1', '7b88309f-8fae-4ae2-b7d1-1603c211d7d4', 'PC-2026-118', 'Laurent', 'Petit', 'laurent.petit@gmail.com', '+33 6 44 27 61 30', '26 rue Sainte-Catherine, 31000 Toulouse', '1981-05-16', 'Française', 'prospect', 1200000, 'dynamique', 'novice', 10, 'moyenne', 'Prospect en cours de qualification. Premier rendez-vous réalisé, questionnaires partiellement complétés.', '{"situation_familiale":"marie","nb_enfants":2,"profession":"Cadre supérieur (aéronautique)","statut_pro":"salarie","revenus_annuels":"100_250k","origine_patrimoine":["epargne"],"ppe":"non"}'::jsonb, '{"conn_actions":"bonne","conn_non_cote":"aucune","objectif_principal":"croissance"}'::jsonb, '{}'::jsonb, '{"residence_fiscale":"france","tmi":"41"}'::jsonb, '2026-05-28 10:00:00+00', '2026-07-03 10:00:00+00');
insert into public.clients (id, cabinet_id, conseiller_id, reference, first_name, last_name, email, phone, address, birth_date, nationality, status, patrimoine_financier, risk_profile, experience, horizon_years, liquidity, notes, kyc, adequacy, esg_profile, tax, created_at, updated_at) values ('dada0001-0011-4000-8000-000000000000', '00000000-0000-0000-0000-0000000000c1', '7b88309f-8fae-4ae2-b7d1-1603c211d7d4', 'PC-2026-124', 'Isabelle', 'Moreau', 'isabelle.moreau@wanadoo.fr', '+33 6 90 18 74 52', '12 rue de la Paix, 67000 Strasbourg', '1971-07-09', 'Française', 'prospect', 900000, null, 'novice', null, null, 'Contact entrant via recommandation. À qualifier — RDV de découverte à planifier.', '{"situation_familiale":"marie","profession":"Pharmacienne titulaire","statut_pro":"independant"}'::jsonb, '{}'::jsonb, '{}'::jsonb, '{}'::jsonb, '2026-05-28 10:00:00+00', '2026-06-12 10:00:00+00');

-- 3. Patrimoine détaillé (client_assets)
insert into public.client_assets (id, client_id, cabinet_id, category, support, label, value, envelope, geography, note) values ('dada0002-0001-4000-8000-000000000001', 'dada0001-0001-4000-8000-000000000000', '00000000-0000-0000-0000-0000000000c1', 'immobilier', 'residence_principale', 'Résidence principale', 1176000, null, null, '75008 Paris');
insert into public.client_assets (id, client_id, cabinet_id, category, support, label, value, envelope, geography, note) values ('dada0002-0001-4000-8000-000000000002', 'dada0001-0001-4000-8000-000000000000', '00000000-0000-0000-0000-0000000000c1', 'immobilier', 'immobilier_locatif', 'Immobilier locatif', 588000, null, null, null);
insert into public.client_assets (id, client_id, cabinet_id, category, support, label, value, envelope, geography, note) values ('dada0002-0001-4000-8000-000000000003', 'dada0001-0001-4000-8000-000000000000', '00000000-0000-0000-0000-0000000000c1', 'immobilier', 'scpi', 'SCPI de rendement', 210000, null, 'Europe', null);
insert into public.client_assets (id, client_id, cabinet_id, category, support, label, value, envelope, geography, note) values ('dada0002-0001-4000-8000-000000000004', 'dada0001-0001-4000-8000-000000000000', '00000000-0000-0000-0000-0000000000c1', 'actions_fonds', 'actions', 'Portefeuille actions (CTO)', 420000, 'cto', 'Mondial diversifié', null);
insert into public.client_assets (id, client_id, cabinet_id, category, support, label, value, envelope, geography, note) values ('dada0002-0001-4000-8000-000000000005', 'dada0001-0001-4000-8000-000000000000', '00000000-0000-0000-0000-0000000000c1', 'actions_fonds', 'etf', 'ETF actions monde (PEA)', 294000, 'pea', 'Mondial diversifié', null);
insert into public.client_assets (id, client_id, cabinet_id, category, support, label, value, envelope, geography, note) values ('dada0002-0001-4000-8000-000000000006', 'dada0001-0001-4000-8000-000000000000', '00000000-0000-0000-0000-0000000000c1', 'actions_fonds', 'fonds_euro', 'Fonds euro (assurance-vie)', 336000, 'assurance_vie', 'France', null);
insert into public.client_assets (id, client_id, cabinet_id, category, support, label, value, envelope, geography, note) values ('dada0002-0001-4000-8000-000000000007', 'dada0001-0001-4000-8000-000000000000', '00000000-0000-0000-0000-0000000000c1', 'actions_fonds', 'produits_structures', 'Produits structurés', 168000, 'assurance_vie', 'Europe', null);
insert into public.client_assets (id, client_id, cabinet_id, category, support, label, value, envelope, geography, note) values ('dada0002-0001-4000-8000-000000000008', 'dada0001-0001-4000-8000-000000000000', '00000000-0000-0000-0000-0000000000c1', 'private_equity', 'private_equity', 'Fonds de PE (millésimes antérieurs)', 504000, null, 'Europe', 'Engagements 2018–2021, en cours de distribution');
insert into public.client_assets (id, client_id, cabinet_id, category, support, label, value, envelope, geography, note) values ('dada0002-0001-4000-8000-000000000009', 'dada0001-0001-4000-8000-000000000000', '00000000-0000-0000-0000-0000000000c1', 'private_equity', 'startups_pme', 'Participations directes (business angel)', 126000, null, 'France', null);
insert into public.client_assets (id, client_id, cabinet_id, category, support, label, value, envelope, geography, note) values ('dada0002-0001-4000-8000-000000000010', 'dada0001-0001-4000-8000-000000000000', '00000000-0000-0000-0000-0000000000c1', 'epargne', 'livret', 'Livrets réglementés', 60000, null, null, null);
insert into public.client_assets (id, client_id, cabinet_id, category, support, label, value, envelope, geography, note) values ('dada0002-0001-4000-8000-000000000011', 'dada0001-0001-4000-8000-000000000000', '00000000-0000-0000-0000-0000000000c1', 'epargne', 'compte_courant', 'Trésorerie disponible', 252000, null, null, null);
insert into public.client_assets (id, client_id, cabinet_id, category, support, label, value, envelope, geography, note) values ('dada0002-0001-4000-8000-000000000012', 'dada0001-0001-4000-8000-000000000000', '00000000-0000-0000-0000-0000000000c1', 'crypto', 'crypto', 'Cryptoactifs (BTC/ETH)', 126000, null, 'Mondial diversifié', null);
insert into public.client_assets (id, client_id, cabinet_id, category, support, label, value, envelope, geography, note) values ('dada0002-0001-4000-8000-000000000013', 'dada0001-0001-4000-8000-000000000000', '00000000-0000-0000-0000-0000000000c1', 'autres', 'montres', 'Montres & objets de collection', 84000, null, null, null);
insert into public.client_assets (id, client_id, cabinet_id, category, support, label, value, envelope, geography, note) values ('dada0002-0002-4000-8000-000000000001', 'dada0001-0002-4000-8000-000000000000', '00000000-0000-0000-0000-0000000000c1', 'immobilier', 'residence_principale', 'Résidence principale', 784000, null, null, '69005 Lyon');
insert into public.client_assets (id, client_id, cabinet_id, category, support, label, value, envelope, geography, note) values ('dada0002-0002-4000-8000-000000000002', 'dada0001-0002-4000-8000-000000000000', '00000000-0000-0000-0000-0000000000c1', 'immobilier', 'immobilier_locatif', 'Immobilier locatif', 392000, null, null, null);
insert into public.client_assets (id, client_id, cabinet_id, category, support, label, value, envelope, geography, note) values ('dada0002-0002-4000-8000-000000000003', 'dada0001-0002-4000-8000-000000000000', '00000000-0000-0000-0000-0000000000c1', 'actions_fonds', 'actions', 'Portefeuille actions (CTO)', 280000, 'cto', 'Mondial diversifié', null);
insert into public.client_assets (id, client_id, cabinet_id, category, support, label, value, envelope, geography, note) values ('dada0002-0002-4000-8000-000000000004', 'dada0001-0002-4000-8000-000000000000', '00000000-0000-0000-0000-0000000000c1', 'actions_fonds', 'etf', 'ETF actions monde (PEA)', 196000, 'pea', 'Mondial diversifié', null);
insert into public.client_assets (id, client_id, cabinet_id, category, support, label, value, envelope, geography, note) values ('dada0002-0002-4000-8000-000000000005', 'dada0001-0002-4000-8000-000000000000', '00000000-0000-0000-0000-0000000000c1', 'actions_fonds', 'fonds_euro', 'Fonds euro (assurance-vie)', 224000, 'assurance_vie', 'France', null);
insert into public.client_assets (id, client_id, cabinet_id, category, support, label, value, envelope, geography, note) values ('dada0002-0002-4000-8000-000000000006', 'dada0001-0002-4000-8000-000000000000', '00000000-0000-0000-0000-0000000000c1', 'actions_fonds', 'produits_structures', 'Produits structurés', 112000, 'assurance_vie', 'Europe', null);
insert into public.client_assets (id, client_id, cabinet_id, category, support, label, value, envelope, geography, note) values ('dada0002-0002-4000-8000-000000000007', 'dada0001-0002-4000-8000-000000000000', '00000000-0000-0000-0000-0000000000c1', 'private_equity', 'startups_pme', 'Participations directes', 84000, null, 'France', null);
insert into public.client_assets (id, client_id, cabinet_id, category, support, label, value, envelope, geography, note) values ('dada0002-0002-4000-8000-000000000008', 'dada0001-0002-4000-8000-000000000000', '00000000-0000-0000-0000-0000000000c1', 'epargne', 'livret', 'Livrets réglementés', 56000, null, null, null);
insert into public.client_assets (id, client_id, cabinet_id, category, support, label, value, envelope, geography, note) values ('dada0002-0002-4000-8000-000000000009', 'dada0001-0002-4000-8000-000000000000', '00000000-0000-0000-0000-0000000000c1', 'epargne', 'compte_courant', 'Trésorerie disponible', 168000, null, null, null);
insert into public.client_assets (id, client_id, cabinet_id, category, support, label, value, envelope, geography, note) values ('dada0002-0003-4000-8000-000000000001', 'dada0001-0003-4000-8000-000000000000', '00000000-0000-0000-0000-0000000000c1', 'immobilier', 'residence_principale', 'Résidence principale', 1820000, null, null, '06400 Cannes');
insert into public.client_assets (id, client_id, cabinet_id, category, support, label, value, envelope, geography, note) values ('dada0002-0003-4000-8000-000000000002', 'dada0001-0003-4000-8000-000000000000', '00000000-0000-0000-0000-0000000000c1', 'immobilier', 'immobilier_locatif', 'Immobilier locatif', 910000, null, null, null);
insert into public.client_assets (id, client_id, cabinet_id, category, support, label, value, envelope, geography, note) values ('dada0002-0003-4000-8000-000000000003', 'dada0001-0003-4000-8000-000000000000', '00000000-0000-0000-0000-0000000000c1', 'immobilier', 'scpi', 'SCPI de rendement', 325000, null, 'Europe', null);
insert into public.client_assets (id, client_id, cabinet_id, category, support, label, value, envelope, geography, note) values ('dada0002-0003-4000-8000-000000000004', 'dada0001-0003-4000-8000-000000000000', '00000000-0000-0000-0000-0000000000c1', 'actions_fonds', 'actions', 'Portefeuille actions (CTO)', 650000, 'cto', 'Mondial diversifié', null);
insert into public.client_assets (id, client_id, cabinet_id, category, support, label, value, envelope, geography, note) values ('dada0002-0003-4000-8000-000000000005', 'dada0001-0003-4000-8000-000000000000', '00000000-0000-0000-0000-0000000000c1', 'actions_fonds', 'etf', 'ETF actions monde (PEA)', 455000, 'pea', 'Mondial diversifié', null);
insert into public.client_assets (id, client_id, cabinet_id, category, support, label, value, envelope, geography, note) values ('dada0002-0003-4000-8000-000000000006', 'dada0001-0003-4000-8000-000000000000', '00000000-0000-0000-0000-0000000000c1', 'actions_fonds', 'fonds_euro', 'Fonds euro (assurance-vie)', 520000, 'assurance_vie', 'France', null);
insert into public.client_assets (id, client_id, cabinet_id, category, support, label, value, envelope, geography, note) values ('dada0002-0003-4000-8000-000000000007', 'dada0001-0003-4000-8000-000000000000', '00000000-0000-0000-0000-0000000000c1', 'actions_fonds', 'produits_structures', 'Produits structurés', 260000, 'assurance_vie', 'Europe', null);
insert into public.client_assets (id, client_id, cabinet_id, category, support, label, value, envelope, geography, note) values ('dada0002-0003-4000-8000-000000000008', 'dada0001-0003-4000-8000-000000000000', '00000000-0000-0000-0000-0000000000c1', 'private_equity', 'private_equity', 'Fonds de PE (millésimes antérieurs)', 780000, null, 'Europe', 'Engagements 2018–2021, en cours de distribution');
insert into public.client_assets (id, client_id, cabinet_id, category, support, label, value, envelope, geography, note) values ('dada0002-0003-4000-8000-000000000009', 'dada0001-0003-4000-8000-000000000000', '00000000-0000-0000-0000-0000000000c1', 'private_equity', 'startups_pme', 'Participations directes (business angel)', 195000, null, 'France', null);
insert into public.client_assets (id, client_id, cabinet_id, category, support, label, value, envelope, geography, note) values ('dada0002-0003-4000-8000-000000000010', 'dada0001-0003-4000-8000-000000000000', '00000000-0000-0000-0000-0000000000c1', 'epargne', 'livret', 'Livrets réglementés', 60000, null, null, null);
insert into public.client_assets (id, client_id, cabinet_id, category, support, label, value, envelope, geography, note) values ('dada0002-0003-4000-8000-000000000011', 'dada0001-0003-4000-8000-000000000000', '00000000-0000-0000-0000-0000000000c1', 'epargne', 'compte_courant', 'Trésorerie disponible', 390000, null, null, null);
insert into public.client_assets (id, client_id, cabinet_id, category, support, label, value, envelope, geography, note) values ('dada0002-0004-4000-8000-000000000001', 'dada0001-0004-4000-8000-000000000000', '00000000-0000-0000-0000-0000000000c1', 'immobilier', 'residence_principale', 'Résidence principale', 868000, null, null, '69002 Lyon');
insert into public.client_assets (id, client_id, cabinet_id, category, support, label, value, envelope, geography, note) values ('dada0002-0004-4000-8000-000000000002', 'dada0001-0004-4000-8000-000000000000', '00000000-0000-0000-0000-0000000000c1', 'immobilier', 'immobilier_locatif', 'Immobilier locatif', 434000, null, null, null);
insert into public.client_assets (id, client_id, cabinet_id, category, support, label, value, envelope, geography, note) values ('dada0002-0004-4000-8000-000000000003', 'dada0001-0004-4000-8000-000000000000', '00000000-0000-0000-0000-0000000000c1', 'immobilier', 'scpi', 'SCPI de rendement', 155000, null, 'Europe', null);
insert into public.client_assets (id, client_id, cabinet_id, category, support, label, value, envelope, geography, note) values ('dada0002-0004-4000-8000-000000000004', 'dada0001-0004-4000-8000-000000000000', '00000000-0000-0000-0000-0000000000c1', 'actions_fonds', 'actions', 'Portefeuille actions (CTO)', 310000, 'cto', 'Mondial diversifié', null);
insert into public.client_assets (id, client_id, cabinet_id, category, support, label, value, envelope, geography, note) values ('dada0002-0004-4000-8000-000000000005', 'dada0001-0004-4000-8000-000000000000', '00000000-0000-0000-0000-0000000000c1', 'actions_fonds', 'etf', 'ETF actions monde (PEA)', 217000, 'pea', 'Mondial diversifié', null);
insert into public.client_assets (id, client_id, cabinet_id, category, support, label, value, envelope, geography, note) values ('dada0002-0004-4000-8000-000000000006', 'dada0001-0004-4000-8000-000000000000', '00000000-0000-0000-0000-0000000000c1', 'actions_fonds', 'fonds_euro', 'Fonds euro (assurance-vie)', 248000, 'assurance_vie', 'France', null);
insert into public.client_assets (id, client_id, cabinet_id, category, support, label, value, envelope, geography, note) values ('dada0002-0004-4000-8000-000000000007', 'dada0001-0004-4000-8000-000000000000', '00000000-0000-0000-0000-0000000000c1', 'actions_fonds', 'produits_structures', 'Produits structurés', 124000, 'assurance_vie', 'Europe', null);
insert into public.client_assets (id, client_id, cabinet_id, category, support, label, value, envelope, geography, note) values ('dada0002-0004-4000-8000-000000000008', 'dada0001-0004-4000-8000-000000000000', '00000000-0000-0000-0000-0000000000c1', 'epargne', 'livret', 'Livrets réglementés', 60000, null, null, null);
insert into public.client_assets (id, client_id, cabinet_id, category, support, label, value, envelope, geography, note) values ('dada0002-0004-4000-8000-000000000009', 'dada0001-0004-4000-8000-000000000000', '00000000-0000-0000-0000-0000000000c1', 'epargne', 'compte_courant', 'Trésorerie disponible', 186000, null, null, null);
insert into public.client_assets (id, client_id, cabinet_id, category, support, label, value, envelope, geography, note) values ('dada0002-0005-4000-8000-000000000001', 'dada0001-0005-4000-8000-000000000000', '00000000-0000-0000-0000-0000000000c1', 'immobilier', 'residence_principale', 'Résidence principale', 616000, null, null, '44000 Nantes');
insert into public.client_assets (id, client_id, cabinet_id, category, support, label, value, envelope, geography, note) values ('dada0002-0005-4000-8000-000000000002', 'dada0001-0005-4000-8000-000000000000', '00000000-0000-0000-0000-0000000000c1', 'immobilier', 'immobilier_locatif', 'Immobilier locatif', 308000, null, null, null);
insert into public.client_assets (id, client_id, cabinet_id, category, support, label, value, envelope, geography, note) values ('dada0002-0005-4000-8000-000000000003', 'dada0001-0005-4000-8000-000000000000', '00000000-0000-0000-0000-0000000000c1', 'actions_fonds', 'actions', 'Portefeuille actions (CTO)', 220000, 'cto', 'Mondial diversifié', null);
insert into public.client_assets (id, client_id, cabinet_id, category, support, label, value, envelope, geography, note) values ('dada0002-0005-4000-8000-000000000004', 'dada0001-0005-4000-8000-000000000000', '00000000-0000-0000-0000-0000000000c1', 'actions_fonds', 'etf', 'ETF actions monde (PEA)', 154000, 'pea', 'Mondial diversifié', null);
insert into public.client_assets (id, client_id, cabinet_id, category, support, label, value, envelope, geography, note) values ('dada0002-0005-4000-8000-000000000005', 'dada0001-0005-4000-8000-000000000000', '00000000-0000-0000-0000-0000000000c1', 'actions_fonds', 'fonds_euro', 'Fonds euro (assurance-vie)', 176000, 'assurance_vie', 'France', null);
insert into public.client_assets (id, client_id, cabinet_id, category, support, label, value, envelope, geography, note) values ('dada0002-0005-4000-8000-000000000006', 'dada0001-0005-4000-8000-000000000000', '00000000-0000-0000-0000-0000000000c1', 'actions_fonds', 'produits_structures', 'Produits structurés', 88000, 'assurance_vie', 'Europe', null);
insert into public.client_assets (id, client_id, cabinet_id, category, support, label, value, envelope, geography, note) values ('dada0002-0005-4000-8000-000000000007', 'dada0001-0005-4000-8000-000000000000', '00000000-0000-0000-0000-0000000000c1', 'epargne', 'livret', 'Livrets réglementés', 44000, null, null, null);
insert into public.client_assets (id, client_id, cabinet_id, category, support, label, value, envelope, geography, note) values ('dada0002-0005-4000-8000-000000000008', 'dada0001-0005-4000-8000-000000000000', '00000000-0000-0000-0000-0000000000c1', 'epargne', 'compte_courant', 'Trésorerie disponible', 132000, null, null, null);
insert into public.client_assets (id, client_id, cabinet_id, category, support, label, value, envelope, geography, note) values ('dada0002-0006-4000-8000-000000000001', 'dada0001-0006-4000-8000-000000000000', '00000000-0000-0000-0000-0000000000c1', 'immobilier', 'residence_principale', 'Résidence principale', 1400000, null, null, '75004 Paris');
insert into public.client_assets (id, client_id, cabinet_id, category, support, label, value, envelope, geography, note) values ('dada0002-0006-4000-8000-000000000002', 'dada0001-0006-4000-8000-000000000000', '00000000-0000-0000-0000-0000000000c1', 'immobilier', 'immobilier_locatif', 'Immobilier locatif', 700000, null, null, null);
insert into public.client_assets (id, client_id, cabinet_id, category, support, label, value, envelope, geography, note) values ('dada0002-0006-4000-8000-000000000003', 'dada0001-0006-4000-8000-000000000000', '00000000-0000-0000-0000-0000000000c1', 'immobilier', 'scpi', 'SCPI de rendement', 250000, null, 'Europe', null);
insert into public.client_assets (id, client_id, cabinet_id, category, support, label, value, envelope, geography, note) values ('dada0002-0006-4000-8000-000000000004', 'dada0001-0006-4000-8000-000000000000', '00000000-0000-0000-0000-0000000000c1', 'actions_fonds', 'actions', 'Portefeuille actions (CTO)', 500000, 'cto', 'Mondial diversifié', null);
insert into public.client_assets (id, client_id, cabinet_id, category, support, label, value, envelope, geography, note) values ('dada0002-0006-4000-8000-000000000005', 'dada0001-0006-4000-8000-000000000000', '00000000-0000-0000-0000-0000000000c1', 'actions_fonds', 'etf', 'ETF actions monde (PEA)', 350000, 'pea', 'Mondial diversifié', null);
insert into public.client_assets (id, client_id, cabinet_id, category, support, label, value, envelope, geography, note) values ('dada0002-0006-4000-8000-000000000006', 'dada0001-0006-4000-8000-000000000000', '00000000-0000-0000-0000-0000000000c1', 'actions_fonds', 'fonds_euro', 'Fonds euro (assurance-vie)', 400000, 'assurance_vie', 'France', null);
insert into public.client_assets (id, client_id, cabinet_id, category, support, label, value, envelope, geography, note) values ('dada0002-0006-4000-8000-000000000007', 'dada0001-0006-4000-8000-000000000000', '00000000-0000-0000-0000-0000000000c1', 'actions_fonds', 'produits_structures', 'Produits structurés', 200000, 'assurance_vie', 'Europe', null);
insert into public.client_assets (id, client_id, cabinet_id, category, support, label, value, envelope, geography, note) values ('dada0002-0006-4000-8000-000000000008', 'dada0001-0006-4000-8000-000000000000', '00000000-0000-0000-0000-0000000000c1', 'private_equity', 'private_equity', 'Fonds de PE (millésimes antérieurs)', 600000, null, 'Europe', 'Engagements 2018–2021, en cours de distribution');
insert into public.client_assets (id, client_id, cabinet_id, category, support, label, value, envelope, geography, note) values ('dada0002-0006-4000-8000-000000000009', 'dada0001-0006-4000-8000-000000000000', '00000000-0000-0000-0000-0000000000c1', 'private_equity', 'startups_pme', 'Participations directes (business angel)', 150000, null, 'France', null);
insert into public.client_assets (id, client_id, cabinet_id, category, support, label, value, envelope, geography, note) values ('dada0002-0006-4000-8000-000000000010', 'dada0001-0006-4000-8000-000000000000', '00000000-0000-0000-0000-0000000000c1', 'epargne', 'livret', 'Livrets réglementés', 60000, null, null, null);
insert into public.client_assets (id, client_id, cabinet_id, category, support, label, value, envelope, geography, note) values ('dada0002-0006-4000-8000-000000000011', 'dada0001-0006-4000-8000-000000000000', '00000000-0000-0000-0000-0000000000c1', 'epargne', 'compte_courant', 'Trésorerie disponible', 300000, null, null, null);
insert into public.client_assets (id, client_id, cabinet_id, category, support, label, value, envelope, geography, note) values ('dada0002-0006-4000-8000-000000000012', 'dada0001-0006-4000-8000-000000000000', '00000000-0000-0000-0000-0000000000c1', 'crypto', 'crypto', 'Cryptoactifs (BTC/ETH)', 150000, null, 'Mondial diversifié', null);
insert into public.client_assets (id, client_id, cabinet_id, category, support, label, value, envelope, geography, note) values ('dada0002-0007-4000-8000-000000000001', 'dada0001-0007-4000-8000-000000000000', '00000000-0000-0000-0000-0000000000c1', 'immobilier', 'residence_principale', 'Résidence principale', 532000, null, null, '75002 Paris');
insert into public.client_assets (id, client_id, cabinet_id, category, support, label, value, envelope, geography, note) values ('dada0002-0007-4000-8000-000000000002', 'dada0001-0007-4000-8000-000000000000', '00000000-0000-0000-0000-0000000000c1', 'immobilier', 'immobilier_locatif', 'Immobilier locatif', 266000, null, null, null);
insert into public.client_assets (id, client_id, cabinet_id, category, support, label, value, envelope, geography, note) values ('dada0002-0007-4000-8000-000000000003', 'dada0001-0007-4000-8000-000000000000', '00000000-0000-0000-0000-0000000000c1', 'actions_fonds', 'actions', 'Portefeuille actions (CTO)', 190000, 'cto', 'Mondial diversifié', null);
insert into public.client_assets (id, client_id, cabinet_id, category, support, label, value, envelope, geography, note) values ('dada0002-0007-4000-8000-000000000004', 'dada0001-0007-4000-8000-000000000000', '00000000-0000-0000-0000-0000000000c1', 'actions_fonds', 'etf', 'ETF actions monde (PEA)', 133000, 'pea', 'Mondial diversifié', null);
insert into public.client_assets (id, client_id, cabinet_id, category, support, label, value, envelope, geography, note) values ('dada0002-0007-4000-8000-000000000005', 'dada0001-0007-4000-8000-000000000000', '00000000-0000-0000-0000-0000000000c1', 'actions_fonds', 'fonds_euro', 'Fonds euro (assurance-vie)', 152000, 'assurance_vie', 'France', null);
insert into public.client_assets (id, client_id, cabinet_id, category, support, label, value, envelope, geography, note) values ('dada0002-0007-4000-8000-000000000006', 'dada0001-0007-4000-8000-000000000000', '00000000-0000-0000-0000-0000000000c1', 'private_equity', 'startups_pme', 'Participations directes', 57000, null, 'France', null);
insert into public.client_assets (id, client_id, cabinet_id, category, support, label, value, envelope, geography, note) values ('dada0002-0007-4000-8000-000000000007', 'dada0001-0007-4000-8000-000000000000', '00000000-0000-0000-0000-0000000000c1', 'epargne', 'livret', 'Livrets réglementés', 38000, null, null, null);
insert into public.client_assets (id, client_id, cabinet_id, category, support, label, value, envelope, geography, note) values ('dada0002-0007-4000-8000-000000000008', 'dada0001-0007-4000-8000-000000000000', '00000000-0000-0000-0000-0000000000c1', 'epargne', 'compte_courant', 'Trésorerie disponible', 114000, null, null, null);
insert into public.client_assets (id, client_id, cabinet_id, category, support, label, value, envelope, geography, note) values ('dada0002-0007-4000-8000-000000000009', 'dada0001-0007-4000-8000-000000000000', '00000000-0000-0000-0000-0000000000c1', 'crypto', 'crypto', 'Cryptoactifs (BTC/ETH)', 57000, null, 'Mondial diversifié', null);
insert into public.client_assets (id, client_id, cabinet_id, category, support, label, value, envelope, geography, note) values ('dada0002-0008-4000-8000-000000000001', 'dada0001-0008-4000-8000-000000000000', '00000000-0000-0000-0000-0000000000c1', 'immobilier', 'residence_principale', 'Résidence principale', 448000, null, null, '33000 Bordeaux');
insert into public.client_assets (id, client_id, cabinet_id, category, support, label, value, envelope, geography, note) values ('dada0002-0008-4000-8000-000000000002', 'dada0001-0008-4000-8000-000000000000', '00000000-0000-0000-0000-0000000000c1', 'immobilier', 'immobilier_locatif', 'Immobilier locatif', 224000, null, null, null);
insert into public.client_assets (id, client_id, cabinet_id, category, support, label, value, envelope, geography, note) values ('dada0002-0008-4000-8000-000000000003', 'dada0001-0008-4000-8000-000000000000', '00000000-0000-0000-0000-0000000000c1', 'actions_fonds', 'actions', 'Portefeuille actions (CTO)', 160000, 'cto', 'Mondial diversifié', null);
insert into public.client_assets (id, client_id, cabinet_id, category, support, label, value, envelope, geography, note) values ('dada0002-0008-4000-8000-000000000004', 'dada0001-0008-4000-8000-000000000000', '00000000-0000-0000-0000-0000000000c1', 'actions_fonds', 'etf', 'ETF actions monde (PEA)', 112000, 'pea', 'Mondial diversifié', null);
insert into public.client_assets (id, client_id, cabinet_id, category, support, label, value, envelope, geography, note) values ('dada0002-0008-4000-8000-000000000005', 'dada0001-0008-4000-8000-000000000000', '00000000-0000-0000-0000-0000000000c1', 'actions_fonds', 'fonds_euro', 'Fonds euro (assurance-vie)', 128000, 'assurance_vie', 'France', null);
insert into public.client_assets (id, client_id, cabinet_id, category, support, label, value, envelope, geography, note) values ('dada0002-0008-4000-8000-000000000006', 'dada0001-0008-4000-8000-000000000000', '00000000-0000-0000-0000-0000000000c1', 'epargne', 'livret', 'Livrets réglementés', 32000, null, null, null);
insert into public.client_assets (id, client_id, cabinet_id, category, support, label, value, envelope, geography, note) values ('dada0002-0008-4000-8000-000000000007', 'dada0001-0008-4000-8000-000000000000', '00000000-0000-0000-0000-0000000000c1', 'epargne', 'compte_courant', 'Trésorerie disponible', 96000, null, null, null);
insert into public.client_assets (id, client_id, cabinet_id, category, support, label, value, envelope, geography, note) values ('dada0002-0009-4000-8000-000000000001', 'dada0001-0009-4000-8000-000000000000', '00000000-0000-0000-0000-0000000000c1', 'immobilier', 'residence_principale', 'Résidence principale', 2296000, null, null, '75116 Paris');
insert into public.client_assets (id, client_id, cabinet_id, category, support, label, value, envelope, geography, note) values ('dada0002-0009-4000-8000-000000000002', 'dada0001-0009-4000-8000-000000000000', '00000000-0000-0000-0000-0000000000c1', 'immobilier', 'immobilier_locatif', 'Immobilier locatif', 1148000, null, null, null);
insert into public.client_assets (id, client_id, cabinet_id, category, support, label, value, envelope, geography, note) values ('dada0002-0009-4000-8000-000000000003', 'dada0001-0009-4000-8000-000000000000', '00000000-0000-0000-0000-0000000000c1', 'immobilier', 'scpi', 'SCPI de rendement', 410000, null, 'Europe', null);
insert into public.client_assets (id, client_id, cabinet_id, category, support, label, value, envelope, geography, note) values ('dada0002-0009-4000-8000-000000000004', 'dada0001-0009-4000-8000-000000000000', '00000000-0000-0000-0000-0000000000c1', 'actions_fonds', 'actions', 'Portefeuille actions (CTO)', 820000, 'cto', 'Mondial diversifié', null);
insert into public.client_assets (id, client_id, cabinet_id, category, support, label, value, envelope, geography, note) values ('dada0002-0009-4000-8000-000000000005', 'dada0001-0009-4000-8000-000000000000', '00000000-0000-0000-0000-0000000000c1', 'actions_fonds', 'etf', 'ETF actions monde (PEA)', 574000, 'pea', 'Mondial diversifié', null);
insert into public.client_assets (id, client_id, cabinet_id, category, support, label, value, envelope, geography, note) values ('dada0002-0009-4000-8000-000000000006', 'dada0001-0009-4000-8000-000000000000', '00000000-0000-0000-0000-0000000000c1', 'actions_fonds', 'fonds_euro', 'Fonds euro (assurance-vie)', 656000, 'assurance_vie', 'France', null);
insert into public.client_assets (id, client_id, cabinet_id, category, support, label, value, envelope, geography, note) values ('dada0002-0009-4000-8000-000000000007', 'dada0001-0009-4000-8000-000000000000', '00000000-0000-0000-0000-0000000000c1', 'actions_fonds', 'produits_structures', 'Produits structurés', 328000, 'assurance_vie', 'Europe', null);
insert into public.client_assets (id, client_id, cabinet_id, category, support, label, value, envelope, geography, note) values ('dada0002-0009-4000-8000-000000000008', 'dada0001-0009-4000-8000-000000000000', '00000000-0000-0000-0000-0000000000c1', 'private_equity', 'private_equity', 'Fonds de PE (millésimes antérieurs)', 984000, null, 'Europe', 'Engagements 2018–2021, en cours de distribution');
insert into public.client_assets (id, client_id, cabinet_id, category, support, label, value, envelope, geography, note) values ('dada0002-0009-4000-8000-000000000009', 'dada0001-0009-4000-8000-000000000000', '00000000-0000-0000-0000-0000000000c1', 'private_equity', 'startups_pme', 'Participations directes (business angel)', 246000, null, 'France', null);
insert into public.client_assets (id, client_id, cabinet_id, category, support, label, value, envelope, geography, note) values ('dada0002-0009-4000-8000-000000000010', 'dada0001-0009-4000-8000-000000000000', '00000000-0000-0000-0000-0000000000c1', 'epargne', 'livret', 'Livrets réglementés', 60000, null, null, null);
insert into public.client_assets (id, client_id, cabinet_id, category, support, label, value, envelope, geography, note) values ('dada0002-0009-4000-8000-000000000011', 'dada0001-0009-4000-8000-000000000000', '00000000-0000-0000-0000-0000000000c1', 'epargne', 'compte_courant', 'Trésorerie disponible', 492000, null, null, null);
insert into public.client_assets (id, client_id, cabinet_id, category, support, label, value, envelope, geography, note) values ('dada0002-0009-4000-8000-000000000012', 'dada0001-0009-4000-8000-000000000000', '00000000-0000-0000-0000-0000000000c1', 'autres', 'montres', 'Montres & objets de collection', 164000, null, null, null);
insert into public.client_assets (id, client_id, cabinet_id, category, support, label, value, envelope, geography, note) values ('dada0002-0010-4000-8000-000000000001', 'dada0001-0010-4000-8000-000000000000', '00000000-0000-0000-0000-0000000000c1', 'immobilier', 'residence_principale', 'Résidence principale', 336000, null, null, '31000 Toulouse');
insert into public.client_assets (id, client_id, cabinet_id, category, support, label, value, envelope, geography, note) values ('dada0002-0010-4000-8000-000000000002', 'dada0001-0010-4000-8000-000000000000', '00000000-0000-0000-0000-0000000000c1', 'actions_fonds', 'actions', 'Portefeuille actions (CTO)', 120000, 'cto', 'Mondial diversifié', null);
insert into public.client_assets (id, client_id, cabinet_id, category, support, label, value, envelope, geography, note) values ('dada0002-0010-4000-8000-000000000003', 'dada0001-0010-4000-8000-000000000000', '00000000-0000-0000-0000-0000000000c1', 'actions_fonds', 'etf', 'ETF actions monde (PEA)', 84000, 'pea', 'Mondial diversifié', null);
insert into public.client_assets (id, client_id, cabinet_id, category, support, label, value, envelope, geography, note) values ('dada0002-0010-4000-8000-000000000004', 'dada0001-0010-4000-8000-000000000000', '00000000-0000-0000-0000-0000000000c1', 'actions_fonds', 'fonds_euro', 'Fonds euro (assurance-vie)', 96000, 'assurance_vie', 'France', null);
insert into public.client_assets (id, client_id, cabinet_id, category, support, label, value, envelope, geography, note) values ('dada0002-0010-4000-8000-000000000005', 'dada0001-0010-4000-8000-000000000000', '00000000-0000-0000-0000-0000000000c1', 'epargne', 'livret', 'Livrets réglementés', 24000, null, null, null);
insert into public.client_assets (id, client_id, cabinet_id, category, support, label, value, envelope, geography, note) values ('dada0002-0010-4000-8000-000000000006', 'dada0001-0010-4000-8000-000000000000', '00000000-0000-0000-0000-0000000000c1', 'epargne', 'compte_courant', 'Trésorerie disponible', 72000, null, null, null);

-- 4. Allocations (simulations), lignes et bulletins de souscription
insert into public.allocations (id, cabinet_id, conseiller_id, client_id, name, envelope_amount, risk_profile, horizon_years, objectives, strategies, esg, diversification, scenario, dist_pace, status, created_at, updated_at) values ('dada0003-0001-4000-8000-000000000000', '00000000-0000-0000-0000-0000000000c1', '7b88309f-8fae-4ae2-b7d1-1603c211d7d4', 'dada0001-0001-4000-8000-000000000000', 'Allocation Jean-Philippe Arnaud', 900000, 'offensif', 12, '["croissance","impact","acces"]'::jsonb, '["growth","innovation","buyout"]'::jsonb, true, 'large', 'optimiste', 1, 'subscribed', '2025-09-10 10:00:00+00', '2026-06-17 10:00:00+00');
insert into public.allocation_lines (id, allocation_id, fund_id, amount, created_at) values ('dada0004-0001-4000-8000-000000000001', 'dada0003-0001-4000-8000-000000000000', 'aabc1bfc-2a55-46da-9a8b-f635a7df4009', 225000, '2025-09-10 10:00:00+00');
insert into public.allocation_lines (id, allocation_id, fund_id, amount, created_at) values ('dada0004-0001-4000-8000-000000000002', 'dada0003-0001-4000-8000-000000000000', '6fccd824-d6b6-4e57-845e-6e0f0765a75e', 225000, '2025-09-10 10:00:00+00');
insert into public.allocation_lines (id, allocation_id, fund_id, amount, created_at) values ('dada0004-0001-4000-8000-000000000003', 'dada0003-0001-4000-8000-000000000000', '4864e215-69ef-46cf-95ba-808e06d43a80', 225000, '2025-09-10 10:00:00+00');
insert into public.allocation_lines (id, allocation_id, fund_id, amount, created_at) values ('dada0004-0001-4000-8000-000000000004', 'dada0003-0001-4000-8000-000000000000', '3f36fbdb-0723-43fa-819c-639195f323a5', 225000, '2025-09-10 10:00:00+00');
insert into public.subscriptions (id, allocation_id, fund_id, cabinet_id, reference, amount, status, generated_at) values ('dada0005-0001-4000-8000-000000000001', 'dada0003-0001-4000-8000-000000000000', 'aabc1bfc-2a55-46da-9a8b-f635a7df4009', '00000000-0000-0000-0000-0000000000c1', 'PC-DADA0003-01', 225000, 'received', '2025-12-09 10:00:00+00');
insert into public.subscriptions (id, allocation_id, fund_id, cabinet_id, reference, amount, status, generated_at) values ('dada0005-0001-4000-8000-000000000002', 'dada0003-0001-4000-8000-000000000000', '6fccd824-d6b6-4e57-845e-6e0f0765a75e', '00000000-0000-0000-0000-0000000000c1', 'PC-DADA0003-02', 225000, 'signed', '2025-12-09 10:00:00+00');
insert into public.subscriptions (id, allocation_id, fund_id, cabinet_id, reference, amount, status, generated_at) values ('dada0005-0001-4000-8000-000000000003', 'dada0003-0001-4000-8000-000000000000', '4864e215-69ef-46cf-95ba-808e06d43a80', '00000000-0000-0000-0000-0000000000c1', 'PC-DADA0003-03', 225000, 'sent', '2025-12-09 10:00:00+00');
insert into public.subscriptions (id, allocation_id, fund_id, cabinet_id, reference, amount, status, generated_at) values ('dada0005-0001-4000-8000-000000000004', 'dada0003-0001-4000-8000-000000000000', '3f36fbdb-0723-43fa-819c-639195f323a5', '00000000-0000-0000-0000-0000000000c1', 'PC-DADA0003-04', 225000, 'signed', '2025-12-09 10:00:00+00');
insert into public.allocations (id, cabinet_id, conseiller_id, client_id, name, envelope_amount, risk_profile, horizon_years, objectives, strategies, esg, diversification, scenario, dist_pace, status, created_at, updated_at) values ('dada0003-0002-4000-8000-000000000000', '00000000-0000-0000-0000-0000000000c1', '7b88309f-8fae-4ae2-b7d1-1603c211d7d4', 'dada0001-0002-4000-8000-000000000000', 'Allocation Camille Rousseau', 400000, 'dynamique', 10, '["croissance","diversification","acces"]'::jsonb, '["buyout","growth","gpstakes"]'::jsonb, true, 'equilibre', 'central', 0, 'subscribed', '2026-05-08 10:00:00+00', '2026-06-17 10:00:00+00');
insert into public.allocation_lines (id, allocation_id, fund_id, amount, created_at) values ('dada0004-0002-4000-8000-000000000001', 'dada0003-0002-4000-8000-000000000000', '9ed3acd1-020f-4d9c-b3d4-dbd9db051845', 100000, '2026-05-08 10:00:00+00');
insert into public.allocation_lines (id, allocation_id, fund_id, amount, created_at) values ('dada0004-0002-4000-8000-000000000002', 'dada0003-0002-4000-8000-000000000000', 'aabc1bfc-2a55-46da-9a8b-f635a7df4009', 100000, '2026-05-08 10:00:00+00');
insert into public.allocation_lines (id, allocation_id, fund_id, amount, created_at) values ('dada0004-0002-4000-8000-000000000003', 'dada0003-0002-4000-8000-000000000000', '43b1ad12-0c17-4688-ae86-debbcd1f2727', 100000, '2026-05-08 10:00:00+00');
insert into public.allocation_lines (id, allocation_id, fund_id, amount, created_at) values ('dada0004-0002-4000-8000-000000000004', 'dada0003-0002-4000-8000-000000000000', '4864e215-69ef-46cf-95ba-808e06d43a80', 100000, '2026-05-08 10:00:00+00');
insert into public.subscriptions (id, allocation_id, fund_id, cabinet_id, reference, amount, status, generated_at) values ('dada0005-0002-4000-8000-000000000001', 'dada0003-0002-4000-8000-000000000000', '9ed3acd1-020f-4d9c-b3d4-dbd9db051845', '00000000-0000-0000-0000-0000000000c1', 'PC-DADA0003-01', 100000, 'received', '2026-06-12 10:00:00+00');
insert into public.subscriptions (id, allocation_id, fund_id, cabinet_id, reference, amount, status, generated_at) values ('dada0005-0002-4000-8000-000000000002', 'dada0003-0002-4000-8000-000000000000', 'aabc1bfc-2a55-46da-9a8b-f635a7df4009', '00000000-0000-0000-0000-0000000000c1', 'PC-DADA0003-02', 100000, 'signed', '2026-06-12 10:00:00+00');
insert into public.subscriptions (id, allocation_id, fund_id, cabinet_id, reference, amount, status, generated_at) values ('dada0005-0002-4000-8000-000000000003', 'dada0003-0002-4000-8000-000000000000', '43b1ad12-0c17-4688-ae86-debbcd1f2727', '00000000-0000-0000-0000-0000000000c1', 'PC-DADA0003-03', 100000, 'sent', '2026-06-12 10:00:00+00');
insert into public.subscriptions (id, allocation_id, fund_id, cabinet_id, reference, amount, status, generated_at) values ('dada0005-0002-4000-8000-000000000004', 'dada0003-0002-4000-8000-000000000000', '4864e215-69ef-46cf-95ba-808e06d43a80', '00000000-0000-0000-0000-0000000000c1', 'PC-DADA0003-04', 100000, 'signed', '2026-06-12 10:00:00+00');
insert into public.allocations (id, cabinet_id, conseiller_id, client_id, name, envelope_amount, risk_profile, horizon_years, objectives, strategies, esg, diversification, scenario, dist_pace, status, created_at, updated_at) values ('dada0003-0003-4000-8000-000000000000', '00000000-0000-0000-0000-0000000000c1', '7b88309f-8fae-4ae2-b7d1-1603c211d7d4', 'dada0001-0003-4000-8000-000000000000', 'Allocation Henri de Montfort', 1000000, 'equilibre', 8, '["diversification","rendement","croissance"]'::jsonb, '["buyout","secondary","credit","infra"]'::jsonb, false, 'equilibre', 'central', 1, 'subscribed', '2025-09-10 10:00:00+00', '2026-06-17 10:00:00+00');
insert into public.allocation_lines (id, allocation_id, fund_id, amount, created_at) values ('dada0004-0003-4000-8000-000000000001', 'dada0003-0003-4000-8000-000000000000', '9ed3acd1-020f-4d9c-b3d4-dbd9db051845', 300000, '2025-09-10 10:00:00+00');
insert into public.allocation_lines (id, allocation_id, fund_id, amount, created_at) values ('dada0004-0003-4000-8000-000000000002', 'dada0003-0003-4000-8000-000000000000', 'd7a00d07-f3d5-4b2a-9b7c-3e41010d125e', 250000, '2025-09-10 10:00:00+00');
insert into public.allocation_lines (id, allocation_id, fund_id, amount, created_at) values ('dada0004-0003-4000-8000-000000000003', 'dada0003-0003-4000-8000-000000000000', '3135badb-591d-4bbe-a8ae-7a4decb41e7f', 200000, '2025-09-10 10:00:00+00');
insert into public.allocation_lines (id, allocation_id, fund_id, amount, created_at) values ('dada0004-0003-4000-8000-000000000004', 'dada0003-0003-4000-8000-000000000000', '30dc0f72-e1c0-42b1-a4ac-4d554a9ecb87', 250000, '2025-09-10 10:00:00+00');
insert into public.subscriptions (id, allocation_id, fund_id, cabinet_id, reference, amount, status, generated_at) values ('dada0005-0003-4000-8000-000000000001', 'dada0003-0003-4000-8000-000000000000', '9ed3acd1-020f-4d9c-b3d4-dbd9db051845', '00000000-0000-0000-0000-0000000000c1', 'PC-DADA0003-01', 300000, 'received', '2025-12-09 10:00:00+00');
insert into public.subscriptions (id, allocation_id, fund_id, cabinet_id, reference, amount, status, generated_at) values ('dada0005-0003-4000-8000-000000000002', 'dada0003-0003-4000-8000-000000000000', 'd7a00d07-f3d5-4b2a-9b7c-3e41010d125e', '00000000-0000-0000-0000-0000000000c1', 'PC-DADA0003-02', 250000, 'signed', '2025-12-09 10:00:00+00');
insert into public.subscriptions (id, allocation_id, fund_id, cabinet_id, reference, amount, status, generated_at) values ('dada0005-0003-4000-8000-000000000003', 'dada0003-0003-4000-8000-000000000000', '3135badb-591d-4bbe-a8ae-7a4decb41e7f', '00000000-0000-0000-0000-0000000000c1', 'PC-DADA0003-03', 200000, 'sent', '2025-12-09 10:00:00+00');
insert into public.subscriptions (id, allocation_id, fund_id, cabinet_id, reference, amount, status, generated_at) values ('dada0005-0003-4000-8000-000000000004', 'dada0003-0003-4000-8000-000000000000', '30dc0f72-e1c0-42b1-a4ac-4d554a9ecb87', '00000000-0000-0000-0000-0000000000c1', 'PC-DADA0003-04', 250000, 'signed', '2025-12-09 10:00:00+00');
insert into public.allocations (id, cabinet_id, conseiller_id, client_id, name, envelope_amount, risk_profile, horizon_years, objectives, strategies, esg, diversification, scenario, dist_pace, status, created_at, updated_at) values ('dada0003-0004-4000-8000-000000000000', '00000000-0000-0000-0000-0000000000c1', '7b88309f-8fae-4ae2-b7d1-1603c211d7d4', 'dada0001-0004-4000-8000-000000000000', 'Allocation Sophie Lemaître', 450000, 'dynamique', 11, '["croissance","diversification","acces"]'::jsonb, '["buyout","growth","gpstakes"]'::jsonb, false, 'equilibre', 'central', 0, 'subscribed', '2026-05-08 10:00:00+00', '2026-06-17 10:00:00+00');
insert into public.allocation_lines (id, allocation_id, fund_id, amount, created_at) values ('dada0004-0004-4000-8000-000000000001', 'dada0003-0004-4000-8000-000000000000', '9ed3acd1-020f-4d9c-b3d4-dbd9db051845', 100000, '2026-05-08 10:00:00+00');
insert into public.allocation_lines (id, allocation_id, fund_id, amount, created_at) values ('dada0004-0004-4000-8000-000000000002', 'dada0003-0004-4000-8000-000000000000', 'aabc1bfc-2a55-46da-9a8b-f635a7df4009', 125000, '2026-05-08 10:00:00+00');
insert into public.allocation_lines (id, allocation_id, fund_id, amount, created_at) values ('dada0004-0004-4000-8000-000000000003', 'dada0003-0004-4000-8000-000000000000', '43b1ad12-0c17-4688-ae86-debbcd1f2727', 100000, '2026-05-08 10:00:00+00');
insert into public.allocation_lines (id, allocation_id, fund_id, amount, created_at) values ('dada0004-0004-4000-8000-000000000004', 'dada0003-0004-4000-8000-000000000000', '4864e215-69ef-46cf-95ba-808e06d43a80', 125000, '2026-05-08 10:00:00+00');
insert into public.subscriptions (id, allocation_id, fund_id, cabinet_id, reference, amount, status, generated_at) values ('dada0005-0004-4000-8000-000000000001', 'dada0003-0004-4000-8000-000000000000', '9ed3acd1-020f-4d9c-b3d4-dbd9db051845', '00000000-0000-0000-0000-0000000000c1', 'PC-DADA0003-01', 100000, 'received', '2026-06-12 10:00:00+00');
insert into public.subscriptions (id, allocation_id, fund_id, cabinet_id, reference, amount, status, generated_at) values ('dada0005-0004-4000-8000-000000000002', 'dada0003-0004-4000-8000-000000000000', 'aabc1bfc-2a55-46da-9a8b-f635a7df4009', '00000000-0000-0000-0000-0000000000c1', 'PC-DADA0003-02', 125000, 'signed', '2026-06-12 10:00:00+00');
insert into public.subscriptions (id, allocation_id, fund_id, cabinet_id, reference, amount, status, generated_at) values ('dada0005-0004-4000-8000-000000000003', 'dada0003-0004-4000-8000-000000000000', '43b1ad12-0c17-4688-ae86-debbcd1f2727', '00000000-0000-0000-0000-0000000000c1', 'PC-DADA0003-03', 100000, 'sent', '2026-06-12 10:00:00+00');
insert into public.subscriptions (id, allocation_id, fund_id, cabinet_id, reference, amount, status, generated_at) values ('dada0005-0004-4000-8000-000000000004', 'dada0003-0004-4000-8000-000000000000', '4864e215-69ef-46cf-95ba-808e06d43a80', '00000000-0000-0000-0000-0000000000c1', 'PC-DADA0003-04', 125000, 'signed', '2026-06-12 10:00:00+00');
insert into public.allocations (id, cabinet_id, conseiller_id, client_id, name, envelope_amount, risk_profile, horizon_years, objectives, strategies, esg, diversification, scenario, dist_pace, status, created_at, updated_at) values ('dada0003-0005-4000-8000-000000000000', '00000000-0000-0000-0000-0000000000c1', '7b88309f-8fae-4ae2-b7d1-1603c211d7d4', 'dada0001-0005-4000-8000-000000000000', 'Allocation Marc Delaunay', 400000, 'equilibre', 9, '["diversification","rendement","croissance"]'::jsonb, '["buyout","secondary","credit","infra"]'::jsonb, false, 'equilibre', 'central', 0, 'proposed', '2026-05-08 10:00:00+00', '2026-07-01 10:00:00+00');
insert into public.allocation_lines (id, allocation_id, fund_id, amount, created_at) values ('dada0004-0005-4000-8000-000000000001', 'dada0003-0005-4000-8000-000000000000', '9ed3acd1-020f-4d9c-b3d4-dbd9db051845', 100000, '2026-05-08 10:00:00+00');
insert into public.allocation_lines (id, allocation_id, fund_id, amount, created_at) values ('dada0004-0005-4000-8000-000000000002', 'dada0003-0005-4000-8000-000000000000', 'd7a00d07-f3d5-4b2a-9b7c-3e41010d125e', 100000, '2026-05-08 10:00:00+00');
insert into public.allocation_lines (id, allocation_id, fund_id, amount, created_at) values ('dada0004-0005-4000-8000-000000000003', 'dada0003-0005-4000-8000-000000000000', '3135badb-591d-4bbe-a8ae-7a4decb41e7f', 100000, '2026-05-08 10:00:00+00');
insert into public.allocation_lines (id, allocation_id, fund_id, amount, created_at) values ('dada0004-0005-4000-8000-000000000004', 'dada0003-0005-4000-8000-000000000000', '30dc0f72-e1c0-42b1-a4ac-4d554a9ecb87', 100000, '2026-05-08 10:00:00+00');
insert into public.allocations (id, cabinet_id, conseiller_id, client_id, name, envelope_amount, risk_profile, horizon_years, objectives, strategies, esg, diversification, scenario, dist_pace, status, created_at, updated_at) values ('dada0003-0006-4000-8000-000000000000', '00000000-0000-0000-0000-0000000000c1', '7b88309f-8fae-4ae2-b7d1-1603c211d7d4', 'dada0001-0006-4000-8000-000000000000', 'Allocation Élodie Fontaine', 1100000, 'offensif', 13, '["croissance","impact","acces"]'::jsonb, '["growth","innovation","buyout"]'::jsonb, true, 'large', 'optimiste', 1, 'subscribed', '2025-09-10 10:00:00+00', '2026-06-17 10:00:00+00');
insert into public.allocation_lines (id, allocation_id, fund_id, amount, created_at) values ('dada0004-0006-4000-8000-000000000001', 'dada0003-0006-4000-8000-000000000000', 'aabc1bfc-2a55-46da-9a8b-f635a7df4009', 275000, '2025-09-10 10:00:00+00');
insert into public.allocation_lines (id, allocation_id, fund_id, amount, created_at) values ('dada0004-0006-4000-8000-000000000002', 'dada0003-0006-4000-8000-000000000000', '6fccd824-d6b6-4e57-845e-6e0f0765a75e', 275000, '2025-09-10 10:00:00+00');
insert into public.allocation_lines (id, allocation_id, fund_id, amount, created_at) values ('dada0004-0006-4000-8000-000000000003', 'dada0003-0006-4000-8000-000000000000', '4864e215-69ef-46cf-95ba-808e06d43a80', 275000, '2025-09-10 10:00:00+00');
insert into public.allocation_lines (id, allocation_id, fund_id, amount, created_at) values ('dada0004-0006-4000-8000-000000000004', 'dada0003-0006-4000-8000-000000000000', '3f36fbdb-0723-43fa-819c-639195f323a5', 275000, '2025-09-10 10:00:00+00');
insert into public.subscriptions (id, allocation_id, fund_id, cabinet_id, reference, amount, status, generated_at) values ('dada0005-0006-4000-8000-000000000001', 'dada0003-0006-4000-8000-000000000000', 'aabc1bfc-2a55-46da-9a8b-f635a7df4009', '00000000-0000-0000-0000-0000000000c1', 'PC-DADA0003-01', 275000, 'received', '2025-12-09 10:00:00+00');
insert into public.subscriptions (id, allocation_id, fund_id, cabinet_id, reference, amount, status, generated_at) values ('dada0005-0006-4000-8000-000000000002', 'dada0003-0006-4000-8000-000000000000', '6fccd824-d6b6-4e57-845e-6e0f0765a75e', '00000000-0000-0000-0000-0000000000c1', 'PC-DADA0003-02', 275000, 'signed', '2025-12-09 10:00:00+00');
insert into public.subscriptions (id, allocation_id, fund_id, cabinet_id, reference, amount, status, generated_at) values ('dada0005-0006-4000-8000-000000000003', 'dada0003-0006-4000-8000-000000000000', '4864e215-69ef-46cf-95ba-808e06d43a80', '00000000-0000-0000-0000-0000000000c1', 'PC-DADA0003-03', 275000, 'sent', '2025-12-09 10:00:00+00');
insert into public.subscriptions (id, allocation_id, fund_id, cabinet_id, reference, amount, status, generated_at) values ('dada0005-0006-4000-8000-000000000004', 'dada0003-0006-4000-8000-000000000000', '3f36fbdb-0723-43fa-819c-639195f323a5', '00000000-0000-0000-0000-0000000000c1', 'PC-DADA0003-04', 275000, 'signed', '2025-12-09 10:00:00+00');
insert into public.allocations (id, cabinet_id, conseiller_id, client_id, name, envelope_amount, risk_profile, horizon_years, objectives, strategies, esg, diversification, scenario, dist_pace, status, created_at, updated_at) values ('dada0003-0007-4000-8000-000000000000', '00000000-0000-0000-0000-0000000000c1', '7b88309f-8fae-4ae2-b7d1-1603c211d7d4', 'dada0001-0007-4000-8000-000000000000', 'Allocation Thomas Berger', 400000, 'offensif', 12, '["croissance","impact","acces"]'::jsonb, '["growth","innovation","buyout"]'::jsonb, false, 'large', 'optimiste', 0, 'proposed', '2026-05-08 10:00:00+00', '2026-07-01 10:00:00+00');
insert into public.allocation_lines (id, allocation_id, fund_id, amount, created_at) values ('dada0004-0007-4000-8000-000000000001', 'dada0003-0007-4000-8000-000000000000', 'aabc1bfc-2a55-46da-9a8b-f635a7df4009', 100000, '2026-05-08 10:00:00+00');
insert into public.allocation_lines (id, allocation_id, fund_id, amount, created_at) values ('dada0004-0007-4000-8000-000000000002', 'dada0003-0007-4000-8000-000000000000', '6fccd824-d6b6-4e57-845e-6e0f0765a75e', 100000, '2026-05-08 10:00:00+00');
insert into public.allocation_lines (id, allocation_id, fund_id, amount, created_at) values ('dada0004-0007-4000-8000-000000000003', 'dada0003-0007-4000-8000-000000000000', '4864e215-69ef-46cf-95ba-808e06d43a80', 100000, '2026-05-08 10:00:00+00');
insert into public.allocation_lines (id, allocation_id, fund_id, amount, created_at) values ('dada0004-0007-4000-8000-000000000004', 'dada0003-0007-4000-8000-000000000000', '3f36fbdb-0723-43fa-819c-639195f323a5', 100000, '2026-05-08 10:00:00+00');
insert into public.allocations (id, cabinet_id, conseiller_id, client_id, name, envelope_amount, risk_profile, horizon_years, objectives, strategies, esg, diversification, scenario, dist_pace, status, created_at, updated_at) values ('dada0003-0008-4000-8000-000000000000', '00000000-0000-0000-0000-0000000000c1', '7b88309f-8fae-4ae2-b7d1-1603c211d7d4', 'dada0001-0008-4000-8000-000000000000', 'Allocation Nathalie Girard', 300000, 'prudent', 8, '["rendement","decorrelation"]'::jsonb, '["credit","infra","secondary"]'::jsonb, false, 'concentre', 'prudent', 0, 'proposed', '2026-05-08 10:00:00+00', '2026-07-01 10:00:00+00');
insert into public.allocation_lines (id, allocation_id, fund_id, amount, created_at) values ('dada0004-0008-4000-8000-000000000001', 'dada0003-0008-4000-8000-000000000000', '3135badb-591d-4bbe-a8ae-7a4decb41e7f', 100000, '2026-05-08 10:00:00+00');
insert into public.allocation_lines (id, allocation_id, fund_id, amount, created_at) values ('dada0004-0008-4000-8000-000000000002', 'dada0003-0008-4000-8000-000000000000', '30dc0f72-e1c0-42b1-a4ac-4d554a9ecb87', 100000, '2026-05-08 10:00:00+00');
insert into public.allocation_lines (id, allocation_id, fund_id, amount, created_at) values ('dada0004-0008-4000-8000-000000000003', 'dada0003-0008-4000-8000-000000000000', 'd7a00d07-f3d5-4b2a-9b7c-3e41010d125e', 100000, '2026-05-08 10:00:00+00');
insert into public.allocations (id, cabinet_id, conseiller_id, client_id, name, envelope_amount, risk_profile, horizon_years, objectives, strategies, esg, diversification, scenario, dist_pace, status, created_at, updated_at) values ('dada0003-0009-4000-8000-000000000000', '00000000-0000-0000-0000-0000000000c1', '7b88309f-8fae-4ae2-b7d1-1603c211d7d4', 'dada0001-0009-4000-8000-000000000000', 'Allocation Antoine Mercier', 1250000, 'dynamique', 14, '["croissance","diversification","acces"]'::jsonb, '["buyout","growth","gpstakes"]'::jsonb, true, 'equilibre', 'central', 1, 'subscribed', '2025-09-10 10:00:00+00', '2026-06-17 10:00:00+00');
insert into public.allocation_lines (id, allocation_id, fund_id, amount, created_at) values ('dada0004-0009-4000-8000-000000000001', 'dada0003-0009-4000-8000-000000000000', '9ed3acd1-020f-4d9c-b3d4-dbd9db051845', 350000, '2025-09-10 10:00:00+00');
insert into public.allocation_lines (id, allocation_id, fund_id, amount, created_at) values ('dada0004-0009-4000-8000-000000000002', 'dada0003-0009-4000-8000-000000000000', 'aabc1bfc-2a55-46da-9a8b-f635a7df4009', 325000, '2025-09-10 10:00:00+00');
insert into public.allocation_lines (id, allocation_id, fund_id, amount, created_at) values ('dada0004-0009-4000-8000-000000000003', 'dada0003-0009-4000-8000-000000000000', '43b1ad12-0c17-4688-ae86-debbcd1f2727', 250000, '2025-09-10 10:00:00+00');
insert into public.allocation_lines (id, allocation_id, fund_id, amount, created_at) values ('dada0004-0009-4000-8000-000000000004', 'dada0003-0009-4000-8000-000000000000', '4864e215-69ef-46cf-95ba-808e06d43a80', 325000, '2025-09-10 10:00:00+00');
insert into public.subscriptions (id, allocation_id, fund_id, cabinet_id, reference, amount, status, generated_at) values ('dada0005-0009-4000-8000-000000000001', 'dada0003-0009-4000-8000-000000000000', '9ed3acd1-020f-4d9c-b3d4-dbd9db051845', '00000000-0000-0000-0000-0000000000c1', 'PC-DADA0003-01', 350000, 'received', '2025-12-09 10:00:00+00');
insert into public.subscriptions (id, allocation_id, fund_id, cabinet_id, reference, amount, status, generated_at) values ('dada0005-0009-4000-8000-000000000002', 'dada0003-0009-4000-8000-000000000000', 'aabc1bfc-2a55-46da-9a8b-f635a7df4009', '00000000-0000-0000-0000-0000000000c1', 'PC-DADA0003-02', 325000, 'signed', '2025-12-09 10:00:00+00');
insert into public.subscriptions (id, allocation_id, fund_id, cabinet_id, reference, amount, status, generated_at) values ('dada0005-0009-4000-8000-000000000003', 'dada0003-0009-4000-8000-000000000000', '43b1ad12-0c17-4688-ae86-debbcd1f2727', '00000000-0000-0000-0000-0000000000c1', 'PC-DADA0003-03', 250000, 'sent', '2025-12-09 10:00:00+00');
insert into public.subscriptions (id, allocation_id, fund_id, cabinet_id, reference, amount, status, generated_at) values ('dada0005-0009-4000-8000-000000000004', 'dada0003-0009-4000-8000-000000000000', '4864e215-69ef-46cf-95ba-808e06d43a80', '00000000-0000-0000-0000-0000000000c1', 'PC-DADA0003-04', 325000, 'signed', '2025-12-09 10:00:00+00');
insert into public.allocations (id, cabinet_id, conseiller_id, client_id, name, envelope_amount, risk_profile, horizon_years, objectives, strategies, esg, diversification, scenario, dist_pace, status, created_at, updated_at) values ('dada0003-0010-4000-8000-000000000000', '00000000-0000-0000-0000-0000000000c1', '7b88309f-8fae-4ae2-b7d1-1603c211d7d4', 'dada0001-0010-4000-8000-000000000000', 'Allocation Laurent Petit', 400000, 'dynamique', 10, '["croissance","diversification","acces"]'::jsonb, '["buyout","growth","gpstakes"]'::jsonb, false, 'equilibre', 'central', 0, 'draft', '2026-05-08 10:00:00+00', '2026-07-01 10:00:00+00');
insert into public.allocation_lines (id, allocation_id, fund_id, amount, created_at) values ('dada0004-0010-4000-8000-000000000001', 'dada0003-0010-4000-8000-000000000000', '9ed3acd1-020f-4d9c-b3d4-dbd9db051845', 100000, '2026-05-08 10:00:00+00');
insert into public.allocation_lines (id, allocation_id, fund_id, amount, created_at) values ('dada0004-0010-4000-8000-000000000002', 'dada0003-0010-4000-8000-000000000000', 'aabc1bfc-2a55-46da-9a8b-f635a7df4009', 100000, '2026-05-08 10:00:00+00');
insert into public.allocation_lines (id, allocation_id, fund_id, amount, created_at) values ('dada0004-0010-4000-8000-000000000003', 'dada0003-0010-4000-8000-000000000000', '43b1ad12-0c17-4688-ae86-debbcd1f2727', 100000, '2026-05-08 10:00:00+00');
insert into public.allocation_lines (id, allocation_id, fund_id, amount, created_at) values ('dada0004-0010-4000-8000-000000000004', 'dada0003-0010-4000-8000-000000000000', '4864e215-69ef-46cf-95ba-808e06d43a80', 100000, '2026-05-08 10:00:00+00');

-- 5. Documents (checklist KYC)
insert into public.client_documents (id, client_id, cabinet_id, name, doc_type, status, created_at) values ('dada0006-0001-4000-8000-000000000001', 'dada0001-0001-4000-8000-000000000000', '00000000-0000-0000-0000-0000000000c1', 'Pièce d''identité', 'identite', 'valide', '2025-12-24 10:00:00+00');
insert into public.client_documents (id, client_id, cabinet_id, name, doc_type, status, created_at) values ('dada0006-0001-4000-8000-000000000002', 'dada0001-0001-4000-8000-000000000000', '00000000-0000-0000-0000-0000000000c1', 'Justificatif de domicile', 'domicile', 'valide', '2025-12-24 10:00:00+00');
insert into public.client_documents (id, client_id, cabinet_id, name, doc_type, status, created_at) values ('dada0006-0001-4000-8000-000000000003', 'dada0001-0001-4000-8000-000000000000', '00000000-0000-0000-0000-0000000000c1', 'RIB', 'rib', 'valide', '2025-12-24 10:00:00+00');
insert into public.client_documents (id, client_id, cabinet_id, name, doc_type, status, created_at) values ('dada0006-0001-4000-8000-000000000004', 'dada0001-0001-4000-8000-000000000000', '00000000-0000-0000-0000-0000000000c1', 'Avis d''imposition', 'fiscal', 'valide', '2025-12-24 10:00:00+00');
insert into public.client_documents (id, client_id, cabinet_id, name, doc_type, status, created_at) values ('dada0006-0001-4000-8000-000000000005', 'dada0001-0001-4000-8000-000000000000', '00000000-0000-0000-0000-0000000000c1', 'Justificatif d''origine des fonds', 'loi', 'valide', '2025-12-24 10:00:00+00');
insert into public.client_documents (id, client_id, cabinet_id, name, doc_type, status, created_at) values ('dada0006-0002-4000-8000-000000000001', 'dada0001-0002-4000-8000-000000000000', '00000000-0000-0000-0000-0000000000c1', 'Pièce d''identité', 'identite', 'valide', '2025-12-29 10:00:00+00');
insert into public.client_documents (id, client_id, cabinet_id, name, doc_type, status, created_at) values ('dada0006-0002-4000-8000-000000000002', 'dada0001-0002-4000-8000-000000000000', '00000000-0000-0000-0000-0000000000c1', 'Justificatif de domicile', 'domicile', 'valide', '2025-12-29 10:00:00+00');
insert into public.client_documents (id, client_id, cabinet_id, name, doc_type, status, created_at) values ('dada0006-0002-4000-8000-000000000003', 'dada0001-0002-4000-8000-000000000000', '00000000-0000-0000-0000-0000000000c1', 'RIB', 'rib', 'valide', '2025-12-29 10:00:00+00');
insert into public.client_documents (id, client_id, cabinet_id, name, doc_type, status, created_at) values ('dada0006-0002-4000-8000-000000000004', 'dada0001-0002-4000-8000-000000000000', '00000000-0000-0000-0000-0000000000c1', 'Avis d''imposition', 'fiscal', 'valide', '2025-12-29 10:00:00+00');
insert into public.client_documents (id, client_id, cabinet_id, name, doc_type, status, created_at) values ('dada0006-0002-4000-8000-000000000005', 'dada0001-0002-4000-8000-000000000000', '00000000-0000-0000-0000-0000000000c1', 'Justificatif d''origine des fonds', 'loi', 'recu', '2025-12-29 10:00:00+00');
insert into public.client_documents (id, client_id, cabinet_id, name, doc_type, status, created_at) values ('dada0006-0003-4000-8000-000000000001', 'dada0001-0003-4000-8000-000000000000', '00000000-0000-0000-0000-0000000000c1', 'Pièce d''identité', 'identite', 'valide', '2026-01-03 10:00:00+00');
insert into public.client_documents (id, client_id, cabinet_id, name, doc_type, status, created_at) values ('dada0006-0003-4000-8000-000000000002', 'dada0001-0003-4000-8000-000000000000', '00000000-0000-0000-0000-0000000000c1', 'Justificatif de domicile', 'domicile', 'valide', '2026-01-03 10:00:00+00');
insert into public.client_documents (id, client_id, cabinet_id, name, doc_type, status, created_at) values ('dada0006-0003-4000-8000-000000000003', 'dada0001-0003-4000-8000-000000000000', '00000000-0000-0000-0000-0000000000c1', 'RIB', 'rib', 'valide', '2026-01-03 10:00:00+00');
insert into public.client_documents (id, client_id, cabinet_id, name, doc_type, status, created_at) values ('dada0006-0003-4000-8000-000000000004', 'dada0001-0003-4000-8000-000000000000', '00000000-0000-0000-0000-0000000000c1', 'Avis d''imposition', 'fiscal', 'valide', '2026-01-03 10:00:00+00');
insert into public.client_documents (id, client_id, cabinet_id, name, doc_type, status, created_at) values ('dada0006-0003-4000-8000-000000000005', 'dada0001-0003-4000-8000-000000000000', '00000000-0000-0000-0000-0000000000c1', 'Justificatif d''origine des fonds', 'loi', 'valide', '2026-01-03 10:00:00+00');
insert into public.client_documents (id, client_id, cabinet_id, name, doc_type, status, created_at) values ('dada0006-0004-4000-8000-000000000001', 'dada0001-0004-4000-8000-000000000000', '00000000-0000-0000-0000-0000000000c1', 'Pièce d''identité', 'identite', 'valide', '2026-01-08 10:00:00+00');
insert into public.client_documents (id, client_id, cabinet_id, name, doc_type, status, created_at) values ('dada0006-0004-4000-8000-000000000002', 'dada0001-0004-4000-8000-000000000000', '00000000-0000-0000-0000-0000000000c1', 'Justificatif de domicile', 'domicile', 'valide', '2026-01-08 10:00:00+00');
insert into public.client_documents (id, client_id, cabinet_id, name, doc_type, status, created_at) values ('dada0006-0004-4000-8000-000000000003', 'dada0001-0004-4000-8000-000000000000', '00000000-0000-0000-0000-0000000000c1', 'RIB', 'rib', 'valide', '2026-01-08 10:00:00+00');
insert into public.client_documents (id, client_id, cabinet_id, name, doc_type, status, created_at) values ('dada0006-0004-4000-8000-000000000004', 'dada0001-0004-4000-8000-000000000000', '00000000-0000-0000-0000-0000000000c1', 'Avis d''imposition', 'fiscal', 'valide', '2026-01-08 10:00:00+00');
insert into public.client_documents (id, client_id, cabinet_id, name, doc_type, status, created_at) values ('dada0006-0004-4000-8000-000000000005', 'dada0001-0004-4000-8000-000000000000', '00000000-0000-0000-0000-0000000000c1', 'Justificatif d''origine des fonds', 'loi', 'recu', '2026-01-08 10:00:00+00');
insert into public.client_documents (id, client_id, cabinet_id, name, doc_type, status, created_at) values ('dada0006-0005-4000-8000-000000000001', 'dada0001-0005-4000-8000-000000000000', '00000000-0000-0000-0000-0000000000c1', 'Pièce d''identité', 'identite', 'valide', '2026-01-13 10:00:00+00');
insert into public.client_documents (id, client_id, cabinet_id, name, doc_type, status, created_at) values ('dada0006-0005-4000-8000-000000000002', 'dada0001-0005-4000-8000-000000000000', '00000000-0000-0000-0000-0000000000c1', 'Justificatif de domicile', 'domicile', 'valide', '2026-01-13 10:00:00+00');
insert into public.client_documents (id, client_id, cabinet_id, name, doc_type, status, created_at) values ('dada0006-0005-4000-8000-000000000003', 'dada0001-0005-4000-8000-000000000000', '00000000-0000-0000-0000-0000000000c1', 'RIB', 'rib', 'valide', '2026-01-13 10:00:00+00');
insert into public.client_documents (id, client_id, cabinet_id, name, doc_type, status, created_at) values ('dada0006-0005-4000-8000-000000000004', 'dada0001-0005-4000-8000-000000000000', '00000000-0000-0000-0000-0000000000c1', 'Avis d''imposition', 'fiscal', 'valide', '2026-01-13 10:00:00+00');
insert into public.client_documents (id, client_id, cabinet_id, name, doc_type, status, created_at) values ('dada0006-0005-4000-8000-000000000005', 'dada0001-0005-4000-8000-000000000000', '00000000-0000-0000-0000-0000000000c1', 'Justificatif d''origine des fonds', 'loi', 'recu', '2026-01-13 10:00:00+00');
insert into public.client_documents (id, client_id, cabinet_id, name, doc_type, status, created_at) values ('dada0006-0006-4000-8000-000000000001', 'dada0001-0006-4000-8000-000000000000', '00000000-0000-0000-0000-0000000000c1', 'Pièce d''identité', 'identite', 'valide', '2026-01-18 10:00:00+00');
insert into public.client_documents (id, client_id, cabinet_id, name, doc_type, status, created_at) values ('dada0006-0006-4000-8000-000000000002', 'dada0001-0006-4000-8000-000000000000', '00000000-0000-0000-0000-0000000000c1', 'Justificatif de domicile', 'domicile', 'valide', '2026-01-18 10:00:00+00');
insert into public.client_documents (id, client_id, cabinet_id, name, doc_type, status, created_at) values ('dada0006-0006-4000-8000-000000000003', 'dada0001-0006-4000-8000-000000000000', '00000000-0000-0000-0000-0000000000c1', 'RIB', 'rib', 'valide', '2026-01-18 10:00:00+00');
insert into public.client_documents (id, client_id, cabinet_id, name, doc_type, status, created_at) values ('dada0006-0006-4000-8000-000000000004', 'dada0001-0006-4000-8000-000000000000', '00000000-0000-0000-0000-0000000000c1', 'Avis d''imposition', 'fiscal', 'valide', '2026-01-18 10:00:00+00');
insert into public.client_documents (id, client_id, cabinet_id, name, doc_type, status, created_at) values ('dada0006-0006-4000-8000-000000000005', 'dada0001-0006-4000-8000-000000000000', '00000000-0000-0000-0000-0000000000c1', 'Justificatif d''origine des fonds', 'loi', 'valide', '2026-01-18 10:00:00+00');
insert into public.client_documents (id, client_id, cabinet_id, name, doc_type, status, created_at) values ('dada0006-0007-4000-8000-000000000001', 'dada0001-0007-4000-8000-000000000000', '00000000-0000-0000-0000-0000000000c1', 'Pièce d''identité', 'identite', 'valide', '2026-01-23 10:00:00+00');
insert into public.client_documents (id, client_id, cabinet_id, name, doc_type, status, created_at) values ('dada0006-0007-4000-8000-000000000002', 'dada0001-0007-4000-8000-000000000000', '00000000-0000-0000-0000-0000000000c1', 'Justificatif de domicile', 'domicile', 'valide', '2026-01-23 10:00:00+00');
insert into public.client_documents (id, client_id, cabinet_id, name, doc_type, status, created_at) values ('dada0006-0007-4000-8000-000000000003', 'dada0001-0007-4000-8000-000000000000', '00000000-0000-0000-0000-0000000000c1', 'RIB', 'rib', 'valide', '2026-01-23 10:00:00+00');
insert into public.client_documents (id, client_id, cabinet_id, name, doc_type, status, created_at) values ('dada0006-0007-4000-8000-000000000004', 'dada0001-0007-4000-8000-000000000000', '00000000-0000-0000-0000-0000000000c1', 'Avis d''imposition', 'fiscal', 'valide', '2026-01-23 10:00:00+00');
insert into public.client_documents (id, client_id, cabinet_id, name, doc_type, status, created_at) values ('dada0006-0007-4000-8000-000000000005', 'dada0001-0007-4000-8000-000000000000', '00000000-0000-0000-0000-0000000000c1', 'Justificatif d''origine des fonds', 'loi', 'recu', '2026-01-23 10:00:00+00');
insert into public.client_documents (id, client_id, cabinet_id, name, doc_type, status, created_at) values ('dada0006-0008-4000-8000-000000000001', 'dada0001-0008-4000-8000-000000000000', '00000000-0000-0000-0000-0000000000c1', 'Pièce d''identité', 'identite', 'valide', '2026-01-28 10:00:00+00');
insert into public.client_documents (id, client_id, cabinet_id, name, doc_type, status, created_at) values ('dada0006-0008-4000-8000-000000000002', 'dada0001-0008-4000-8000-000000000000', '00000000-0000-0000-0000-0000000000c1', 'Justificatif de domicile', 'domicile', 'valide', '2026-01-28 10:00:00+00');
insert into public.client_documents (id, client_id, cabinet_id, name, doc_type, status, created_at) values ('dada0006-0008-4000-8000-000000000003', 'dada0001-0008-4000-8000-000000000000', '00000000-0000-0000-0000-0000000000c1', 'RIB', 'rib', 'valide', '2026-01-28 10:00:00+00');
insert into public.client_documents (id, client_id, cabinet_id, name, doc_type, status, created_at) values ('dada0006-0008-4000-8000-000000000004', 'dada0001-0008-4000-8000-000000000000', '00000000-0000-0000-0000-0000000000c1', 'Avis d''imposition', 'fiscal', 'valide', '2026-01-28 10:00:00+00');
insert into public.client_documents (id, client_id, cabinet_id, name, doc_type, status, created_at) values ('dada0006-0008-4000-8000-000000000005', 'dada0001-0008-4000-8000-000000000000', '00000000-0000-0000-0000-0000000000c1', 'Justificatif d''origine des fonds', 'loi', 'recu', '2026-01-28 10:00:00+00');
insert into public.client_documents (id, client_id, cabinet_id, name, doc_type, status, created_at) values ('dada0006-0009-4000-8000-000000000001', 'dada0001-0009-4000-8000-000000000000', '00000000-0000-0000-0000-0000000000c1', 'Pièce d''identité', 'identite', 'valide', '2026-02-02 10:00:00+00');
insert into public.client_documents (id, client_id, cabinet_id, name, doc_type, status, created_at) values ('dada0006-0009-4000-8000-000000000002', 'dada0001-0009-4000-8000-000000000000', '00000000-0000-0000-0000-0000000000c1', 'Justificatif de domicile', 'domicile', 'valide', '2026-02-02 10:00:00+00');
insert into public.client_documents (id, client_id, cabinet_id, name, doc_type, status, created_at) values ('dada0006-0009-4000-8000-000000000003', 'dada0001-0009-4000-8000-000000000000', '00000000-0000-0000-0000-0000000000c1', 'RIB', 'rib', 'valide', '2026-02-02 10:00:00+00');
insert into public.client_documents (id, client_id, cabinet_id, name, doc_type, status, created_at) values ('dada0006-0009-4000-8000-000000000004', 'dada0001-0009-4000-8000-000000000000', '00000000-0000-0000-0000-0000000000c1', 'Avis d''imposition', 'fiscal', 'valide', '2026-02-02 10:00:00+00');
insert into public.client_documents (id, client_id, cabinet_id, name, doc_type, status, created_at) values ('dada0006-0009-4000-8000-000000000005', 'dada0001-0009-4000-8000-000000000000', '00000000-0000-0000-0000-0000000000c1', 'Justificatif d''origine des fonds', 'loi', 'valide', '2026-02-02 10:00:00+00');
insert into public.client_documents (id, client_id, cabinet_id, name, doc_type, status, created_at) values ('dada0006-0010-4000-8000-000000000001', 'dada0001-0010-4000-8000-000000000000', '00000000-0000-0000-0000-0000000000c1', 'Pièce d''identité', 'identite', 'recu', '2026-06-07 10:00:00+00');
insert into public.client_documents (id, client_id, cabinet_id, name, doc_type, status, created_at) values ('dada0006-0010-4000-8000-000000000002', 'dada0001-0010-4000-8000-000000000000', '00000000-0000-0000-0000-0000000000c1', 'Justificatif de domicile', 'domicile', 'manquant', '2026-06-07 10:00:00+00');

-- 6. Timeline relationnelle (événements, flux appels/distributions)
insert into public.client_events (id, client_id, cabinet_id, type, actor, title, body, data, occurred_at) values ('dada0007-0001-4000-8000-000000000001', 'dada0001-0001-4000-8000-000000000000', '00000000-0000-0000-0000-0000000000c1', 'client_created', 'conseiller', 'Dossier créé', null, '{}'::jsonb, '2025-07-12 09:15:00+00');
insert into public.client_events (id, client_id, cabinet_id, type, actor, title, body, data, occurred_at) values ('dada0007-0001-4000-8000-000000000002', 'dada0001-0001-4000-8000-000000000000', '00000000-0000-0000-0000-0000000000c1', 'meeting', 'conseiller', 'Rendez-vous de découverte', 'Point patrimonial global et objectifs d''investissement.', '{}'::jsonb, '2025-07-14 14:30:00+00');
insert into public.client_events (id, client_id, cabinet_id, type, actor, title, body, data, occurred_at) values ('dada0007-0001-4000-8000-000000000003', 'dada0001-0001-4000-8000-000000000000', '00000000-0000-0000-0000-0000000000c1', 'questionnaire_updated', 'conseiller', 'Questionnaires de qualification complétés', 'KYC, adéquation, ESG et fiscalité renseignés.', '{}'::jsonb, '2025-07-18 16:00:00+00');
insert into public.client_events (id, client_id, cabinet_id, type, actor, title, body, data, occurred_at) values ('dada0007-0001-4000-8000-000000000004', 'dada0001-0001-4000-8000-000000000000', '00000000-0000-0000-0000-0000000000c1', 'login', 'client', 'Connexion au portail', null, '{}'::jsonb, '2025-07-20 20:12:00+00');
insert into public.client_events (id, client_id, cabinet_id, type, actor, title, body, data, occurred_at) values ('dada0007-0001-4000-8000-000000000005', 'dada0001-0001-4000-8000-000000000000', '00000000-0000-0000-0000-0000000000c1', 'fund_viewed', 'client', 'Consultation d''un fonds', 'Fiche fonds consultée depuis le portail.', '{}'::jsonb, '2025-07-20 20:20:00+00');
insert into public.client_events (id, client_id, cabinet_id, type, actor, title, body, data, occurred_at) values ('dada0007-0001-4000-8000-000000000006', 'dada0001-0001-4000-8000-000000000000', '00000000-0000-0000-0000-0000000000c1', 'capital_call', 'systeme', 'Appel de fonds — Ardian Buyout Fund VII (millésime 2018)', 'Appel de capital honoré par virement.', '{"amount":210000,"state":"payee","fund":"Ardian Buyout Fund VII (millésime 2018)"}'::jsonb, '2025-08-21 10:00:00+00');
insert into public.client_events (id, client_id, cabinet_id, type, actor, title, body, data, occurred_at) values ('dada0007-0001-4000-8000-000000000007', 'dada0001-0001-4000-8000-000000000000', '00000000-0000-0000-0000-0000000000c1', 'distribution', 'systeme', 'Distribution — Ardian Buyout Fund VII (millésime 2018)', 'Distribution encaissée (retour de capital + plus-value).', '{"amount":126000,"state":"encaissee","fund":"Ardian Buyout Fund VII (millésime 2018)"}'::jsonb, '2025-08-06 10:00:00+00');
insert into public.client_events (id, client_id, cabinet_id, type, actor, title, body, data, occurred_at) values ('dada0007-0001-4000-8000-000000000008', 'dada0001-0001-4000-8000-000000000000', '00000000-0000-0000-0000-0000000000c1', 'capital_call', 'systeme', 'Appel de fonds — Eurazeo Growth II (millésime 2019)', 'Appel de capital honoré par virement.', '{"amount":168000,"state":"payee","fund":"Eurazeo Growth II (millésime 2019)"}'::jsonb, '2025-09-10 10:00:00+00');
insert into public.client_events (id, client_id, cabinet_id, type, actor, title, body, data, occurred_at) values ('dada0007-0001-4000-8000-000000000009', 'dada0001-0001-4000-8000-000000000000', '00000000-0000-0000-0000-0000000000c1', 'distribution', 'systeme', 'Distribution — Eurazeo Growth II (millésime 2019)', 'Distribution encaissée (retour de capital + plus-value).', '{"amount":105000,"state":"encaissee","fund":"Eurazeo Growth II (millésime 2019)"}'::jsonb, '2025-07-30 10:00:00+00');
insert into public.client_events (id, client_id, cabinet_id, type, actor, title, body, data, occurred_at) values ('dada0007-0001-4000-8000-000000000010', 'dada0001-0001-4000-8000-000000000000', '00000000-0000-0000-0000-0000000000c1', 'capital_call', 'systeme', 'Appel de fonds — Tikehau Private Debt IV (millésime 2020)', 'Appel de capital honoré par virement.', '{"amount":126000,"state":"payee","fund":"Tikehau Private Debt IV (millésime 2020)"}'::jsonb, '2025-10-10 10:00:00+00');
insert into public.client_events (id, client_id, cabinet_id, type, actor, title, body, data, occurred_at) values ('dada0007-0001-4000-8000-000000000011', 'dada0001-0001-4000-8000-000000000000', '00000000-0000-0000-0000-0000000000c1', 'distribution', 'systeme', 'Distribution — Tikehau Private Debt IV (millésime 2020)', 'Distribution encaissée (retour de capital + plus-value).', '{"amount":84000,"state":"encaissee","fund":"Tikehau Private Debt IV (millésime 2020)"}'::jsonb, '2025-07-24 10:00:00+00');
insert into public.client_events (id, client_id, cabinet_id, type, actor, title, body, data, occurred_at) values ('dada0007-0001-4000-8000-000000000012', 'dada0001-0001-4000-8000-000000000000', '00000000-0000-0000-0000-0000000000c1', 'distribution', 'systeme', 'Distribution — Ardian Secondary Fund VI', 'Distribution partielle du millésime secondaire.', '{"amount":63000,"state":"encaissee","fund":"Ardian Secondary Fund VI"}'::jsonb, '2025-07-18 09:30:00+00');
insert into public.client_events (id, client_id, cabinet_id, type, actor, title, body, data, occurred_at) values ('dada0007-0001-4000-8000-000000000013', 'dada0001-0001-4000-8000-000000000000', '00000000-0000-0000-0000-0000000000c1', 'proposal_created', 'conseiller', 'Proposition d''allocation — 900 000 €', 'Note d''allocation multi-fonds générée depuis le moteur.', '{"amount":900000,"allocation_id":"dada0003-0001-4000-8000-000000000000"}'::jsonb, '2025-09-10 15:00:00+00');
insert into public.client_events (id, client_id, cabinet_id, type, actor, title, body, data, occurred_at) values ('dada0007-0001-4000-8000-000000000014', 'dada0001-0001-4000-8000-000000000000', '00000000-0000-0000-0000-0000000000c1', 'proposal_sent', 'conseiller', 'Proposition envoyée au client', null, '{"allocation_id":"dada0003-0001-4000-8000-000000000000"}'::jsonb, '2025-09-11 09:00:00+00');
insert into public.client_events (id, client_id, cabinet_id, type, actor, title, body, data, occurred_at) values ('dada0007-0001-4000-8000-000000000015', 'dada0001-0001-4000-8000-000000000000', '00000000-0000-0000-0000-0000000000c1', 'proposal_viewed', 'client', 'Proposition consultée', null, '{"allocation_id":"dada0003-0001-4000-8000-000000000000"}'::jsonb, '2025-09-11 21:40:00+00');
insert into public.client_events (id, client_id, cabinet_id, type, actor, title, body, data, occurred_at) values ('dada0007-0001-4000-8000-000000000016', 'dada0001-0001-4000-8000-000000000000', '00000000-0000-0000-0000-0000000000c1', 'subscription_created', 'conseiller', 'Bulletins de souscription générés', 'Bulletins émis par compartiment.', '{"amount":900000,"allocation_id":"dada0003-0001-4000-8000-000000000000"}'::jsonb, '2025-12-09 11:00:00+00');
insert into public.client_events (id, client_id, cabinet_id, type, actor, title, body, data, occurred_at) values ('dada0007-0001-4000-8000-000000000017', 'dada0001-0001-4000-8000-000000000000', '00000000-0000-0000-0000-0000000000c1', 'subscription_signed', 'client', 'Bulletins signés électroniquement', 'Signature électronique reçue.', '{"allocation_id":"dada0003-0001-4000-8000-000000000000"}'::jsonb, '2025-12-12 18:20:00+00');
insert into public.client_events (id, client_id, cabinet_id, type, actor, title, body, data, occurred_at) values ('dada0007-0001-4000-8000-000000000018', 'dada0001-0001-4000-8000-000000000000', '00000000-0000-0000-0000-0000000000c1', 'email', 'conseiller', 'Confirmation d''enregistrement', 'Accusé de réception de la société de gestion transmis.', '{}'::jsonb, '2025-12-14 10:00:00+00');
insert into public.client_events (id, client_id, cabinet_id, type, actor, title, body, data, occurred_at) values ('dada0007-0002-4000-8000-000000000001', 'dada0001-0002-4000-8000-000000000000', '00000000-0000-0000-0000-0000000000c1', 'client_created', 'conseiller', 'Dossier créé', null, '{}'::jsonb, '2025-08-01 09:15:00+00');
insert into public.client_events (id, client_id, cabinet_id, type, actor, title, body, data, occurred_at) values ('dada0007-0002-4000-8000-000000000002', 'dada0001-0002-4000-8000-000000000000', '00000000-0000-0000-0000-0000000000c1', 'meeting', 'conseiller', 'Rendez-vous de découverte', 'Point patrimonial global et objectifs d''investissement.', '{}'::jsonb, '2025-08-03 14:30:00+00');
insert into public.client_events (id, client_id, cabinet_id, type, actor, title, body, data, occurred_at) values ('dada0007-0002-4000-8000-000000000003', 'dada0001-0002-4000-8000-000000000000', '00000000-0000-0000-0000-0000000000c1', 'questionnaire_updated', 'conseiller', 'Questionnaires de qualification complétés', 'KYC, adéquation, ESG et fiscalité renseignés.', '{}'::jsonb, '2025-08-07 16:00:00+00');
insert into public.client_events (id, client_id, cabinet_id, type, actor, title, body, data, occurred_at) values ('dada0007-0002-4000-8000-000000000004', 'dada0001-0002-4000-8000-000000000000', '00000000-0000-0000-0000-0000000000c1', 'login', 'client', 'Connexion au portail', null, '{}'::jsonb, '2025-08-09 20:12:00+00');
insert into public.client_events (id, client_id, cabinet_id, type, actor, title, body, data, occurred_at) values ('dada0007-0002-4000-8000-000000000005', 'dada0001-0002-4000-8000-000000000000', '00000000-0000-0000-0000-0000000000c1', 'fund_viewed', 'client', 'Consultation d''un fonds', 'Fiche fonds consultée depuis le portail.', '{}'::jsonb, '2025-08-09 20:20:00+00');
insert into public.client_events (id, client_id, cabinet_id, type, actor, title, body, data, occurred_at) values ('dada0007-0002-4000-8000-000000000006', 'dada0001-0002-4000-8000-000000000000', '00000000-0000-0000-0000-0000000000c1', 'proposal_created', 'conseiller', 'Proposition d''allocation — 400 000 €', 'Note d''allocation multi-fonds générée depuis le moteur.', '{"amount":400000,"allocation_id":"dada0003-0002-4000-8000-000000000000"}'::jsonb, '2026-05-08 15:00:00+00');
insert into public.client_events (id, client_id, cabinet_id, type, actor, title, body, data, occurred_at) values ('dada0007-0002-4000-8000-000000000007', 'dada0001-0002-4000-8000-000000000000', '00000000-0000-0000-0000-0000000000c1', 'proposal_sent', 'conseiller', 'Proposition envoyée au client', null, '{"allocation_id":"dada0003-0002-4000-8000-000000000000"}'::jsonb, '2026-05-09 09:00:00+00');
insert into public.client_events (id, client_id, cabinet_id, type, actor, title, body, data, occurred_at) values ('dada0007-0002-4000-8000-000000000008', 'dada0001-0002-4000-8000-000000000000', '00000000-0000-0000-0000-0000000000c1', 'proposal_viewed', 'client', 'Proposition consultée', null, '{"allocation_id":"dada0003-0002-4000-8000-000000000000"}'::jsonb, '2026-05-09 21:40:00+00');
insert into public.client_events (id, client_id, cabinet_id, type, actor, title, body, data, occurred_at) values ('dada0007-0002-4000-8000-000000000009', 'dada0001-0002-4000-8000-000000000000', '00000000-0000-0000-0000-0000000000c1', 'subscription_created', 'conseiller', 'Bulletins de souscription générés', 'Bulletins émis par compartiment.', '{"amount":400000,"allocation_id":"dada0003-0002-4000-8000-000000000000"}'::jsonb, '2026-06-12 11:00:00+00');
insert into public.client_events (id, client_id, cabinet_id, type, actor, title, body, data, occurred_at) values ('dada0007-0002-4000-8000-000000000010', 'dada0001-0002-4000-8000-000000000000', '00000000-0000-0000-0000-0000000000c1', 'subscription_signed', 'client', 'Bulletins signés électroniquement', 'Signature électronique reçue.', '{"allocation_id":"dada0003-0002-4000-8000-000000000000"}'::jsonb, '2026-06-15 18:20:00+00');
insert into public.client_events (id, client_id, cabinet_id, type, actor, title, body, data, occurred_at) values ('dada0007-0002-4000-8000-000000000011', 'dada0001-0002-4000-8000-000000000000', '00000000-0000-0000-0000-0000000000c1', 'email', 'conseiller', 'Confirmation d''enregistrement', 'Accusé de réception de la société de gestion transmis.', '{}'::jsonb, '2026-06-17 10:00:00+00');
insert into public.client_events (id, client_id, cabinet_id, type, actor, title, body, data, occurred_at) values ('dada0007-0003-4000-8000-000000000001', 'dada0001-0003-4000-8000-000000000000', '00000000-0000-0000-0000-0000000000c1', 'client_created', 'conseiller', 'Dossier créé', null, '{}'::jsonb, '2025-08-21 09:15:00+00');
insert into public.client_events (id, client_id, cabinet_id, type, actor, title, body, data, occurred_at) values ('dada0007-0003-4000-8000-000000000002', 'dada0001-0003-4000-8000-000000000000', '00000000-0000-0000-0000-0000000000c1', 'meeting', 'conseiller', 'Rendez-vous de découverte', 'Point patrimonial global et objectifs d''investissement.', '{}'::jsonb, '2025-08-23 14:30:00+00');
insert into public.client_events (id, client_id, cabinet_id, type, actor, title, body, data, occurred_at) values ('dada0007-0003-4000-8000-000000000003', 'dada0001-0003-4000-8000-000000000000', '00000000-0000-0000-0000-0000000000c1', 'questionnaire_updated', 'conseiller', 'Questionnaires de qualification complétés', 'KYC, adéquation, ESG et fiscalité renseignés.', '{}'::jsonb, '2025-08-27 16:00:00+00');
insert into public.client_events (id, client_id, cabinet_id, type, actor, title, body, data, occurred_at) values ('dada0007-0003-4000-8000-000000000004', 'dada0001-0003-4000-8000-000000000000', '00000000-0000-0000-0000-0000000000c1', 'login', 'client', 'Connexion au portail', null, '{}'::jsonb, '2025-08-29 20:12:00+00');
insert into public.client_events (id, client_id, cabinet_id, type, actor, title, body, data, occurred_at) values ('dada0007-0003-4000-8000-000000000005', 'dada0001-0003-4000-8000-000000000000', '00000000-0000-0000-0000-0000000000c1', 'fund_viewed', 'client', 'Consultation d''un fonds', 'Fiche fonds consultée depuis le portail.', '{}'::jsonb, '2025-08-29 20:20:00+00');
insert into public.client_events (id, client_id, cabinet_id, type, actor, title, body, data, occurred_at) values ('dada0007-0003-4000-8000-000000000006', 'dada0001-0003-4000-8000-000000000000', '00000000-0000-0000-0000-0000000000c1', 'capital_call', 'systeme', 'Appel de fonds — Ardian Buyout Fund VII (millésime 2018)', 'Appel de capital honoré par virement.', '{"amount":325000,"state":"payee","fund":"Ardian Buyout Fund VII (millésime 2018)"}'::jsonb, '2025-09-30 10:00:00+00');
insert into public.client_events (id, client_id, cabinet_id, type, actor, title, body, data, occurred_at) values ('dada0007-0003-4000-8000-000000000007', 'dada0001-0003-4000-8000-000000000000', '00000000-0000-0000-0000-0000000000c1', 'distribution', 'systeme', 'Distribution — Ardian Buyout Fund VII (millésime 2018)', 'Distribution encaissée (retour de capital + plus-value).', '{"amount":195000,"state":"encaissee","fund":"Ardian Buyout Fund VII (millésime 2018)"}'::jsonb, '2025-09-15 10:00:00+00');
insert into public.client_events (id, client_id, cabinet_id, type, actor, title, body, data, occurred_at) values ('dada0007-0003-4000-8000-000000000008', 'dada0001-0003-4000-8000-000000000000', '00000000-0000-0000-0000-0000000000c1', 'capital_call', 'systeme', 'Appel de fonds — Eurazeo Growth II (millésime 2019)', 'Appel de capital honoré par virement.', '{"amount":260000,"state":"payee","fund":"Eurazeo Growth II (millésime 2019)"}'::jsonb, '2025-10-20 10:00:00+00');
insert into public.client_events (id, client_id, cabinet_id, type, actor, title, body, data, occurred_at) values ('dada0007-0003-4000-8000-000000000009', 'dada0001-0003-4000-8000-000000000000', '00000000-0000-0000-0000-0000000000c1', 'distribution', 'systeme', 'Distribution — Eurazeo Growth II (millésime 2019)', 'Distribution encaissée (retour de capital + plus-value).', '{"amount":162500,"state":"encaissee","fund":"Eurazeo Growth II (millésime 2019)"}'::jsonb, '2025-09-08 10:00:00+00');
insert into public.client_events (id, client_id, cabinet_id, type, actor, title, body, data, occurred_at) values ('dada0007-0003-4000-8000-000000000010', 'dada0001-0003-4000-8000-000000000000', '00000000-0000-0000-0000-0000000000c1', 'capital_call', 'systeme', 'Appel de fonds — Tikehau Private Debt IV (millésime 2020)', 'Appel de capital honoré par virement.', '{"amount":195000,"state":"payee","fund":"Tikehau Private Debt IV (millésime 2020)"}'::jsonb, '2025-11-19 10:00:00+00');
insert into public.client_events (id, client_id, cabinet_id, type, actor, title, body, data, occurred_at) values ('dada0007-0003-4000-8000-000000000011', 'dada0001-0003-4000-8000-000000000000', '00000000-0000-0000-0000-0000000000c1', 'distribution', 'systeme', 'Distribution — Tikehau Private Debt IV (millésime 2020)', 'Distribution encaissée (retour de capital + plus-value).', '{"amount":130000,"state":"encaissee","fund":"Tikehau Private Debt IV (millésime 2020)"}'::jsonb, '2025-09-02 10:00:00+00');
insert into public.client_events (id, client_id, cabinet_id, type, actor, title, body, data, occurred_at) values ('dada0007-0003-4000-8000-000000000012', 'dada0001-0003-4000-8000-000000000000', '00000000-0000-0000-0000-0000000000c1', 'distribution', 'systeme', 'Distribution — Ardian Secondary Fund VI', 'Distribution partielle du millésime secondaire.', '{"amount":97500,"state":"encaissee","fund":"Ardian Secondary Fund VI"}'::jsonb, '2025-08-27 09:30:00+00');
insert into public.client_events (id, client_id, cabinet_id, type, actor, title, body, data, occurred_at) values ('dada0007-0003-4000-8000-000000000013', 'dada0001-0003-4000-8000-000000000000', '00000000-0000-0000-0000-0000000000c1', 'proposal_created', 'conseiller', 'Proposition d''allocation — 1 000 000 €', 'Note d''allocation multi-fonds générée depuis le moteur.', '{"amount":1000000,"allocation_id":"dada0003-0003-4000-8000-000000000000"}'::jsonb, '2025-09-10 15:00:00+00');
insert into public.client_events (id, client_id, cabinet_id, type, actor, title, body, data, occurred_at) values ('dada0007-0003-4000-8000-000000000014', 'dada0001-0003-4000-8000-000000000000', '00000000-0000-0000-0000-0000000000c1', 'proposal_sent', 'conseiller', 'Proposition envoyée au client', null, '{"allocation_id":"dada0003-0003-4000-8000-000000000000"}'::jsonb, '2025-09-11 09:00:00+00');
insert into public.client_events (id, client_id, cabinet_id, type, actor, title, body, data, occurred_at) values ('dada0007-0003-4000-8000-000000000015', 'dada0001-0003-4000-8000-000000000000', '00000000-0000-0000-0000-0000000000c1', 'proposal_viewed', 'client', 'Proposition consultée', null, '{"allocation_id":"dada0003-0003-4000-8000-000000000000"}'::jsonb, '2025-09-11 21:40:00+00');
insert into public.client_events (id, client_id, cabinet_id, type, actor, title, body, data, occurred_at) values ('dada0007-0003-4000-8000-000000000016', 'dada0001-0003-4000-8000-000000000000', '00000000-0000-0000-0000-0000000000c1', 'subscription_created', 'conseiller', 'Bulletins de souscription générés', 'Bulletins émis par compartiment.', '{"amount":1000000,"allocation_id":"dada0003-0003-4000-8000-000000000000"}'::jsonb, '2025-12-09 11:00:00+00');
insert into public.client_events (id, client_id, cabinet_id, type, actor, title, body, data, occurred_at) values ('dada0007-0003-4000-8000-000000000017', 'dada0001-0003-4000-8000-000000000000', '00000000-0000-0000-0000-0000000000c1', 'subscription_signed', 'client', 'Bulletins signés électroniquement', 'Signature électronique reçue.', '{"allocation_id":"dada0003-0003-4000-8000-000000000000"}'::jsonb, '2025-12-12 18:20:00+00');
insert into public.client_events (id, client_id, cabinet_id, type, actor, title, body, data, occurred_at) values ('dada0007-0003-4000-8000-000000000018', 'dada0001-0003-4000-8000-000000000000', '00000000-0000-0000-0000-0000000000c1', 'email', 'conseiller', 'Confirmation d''enregistrement', 'Accusé de réception de la société de gestion transmis.', '{}'::jsonb, '2025-12-14 10:00:00+00');
insert into public.client_events (id, client_id, cabinet_id, type, actor, title, body, data, occurred_at) values ('dada0007-0004-4000-8000-000000000001', 'dada0001-0004-4000-8000-000000000000', '00000000-0000-0000-0000-0000000000c1', 'client_created', 'conseiller', 'Dossier créé', null, '{}'::jsonb, '2025-09-10 09:15:00+00');
insert into public.client_events (id, client_id, cabinet_id, type, actor, title, body, data, occurred_at) values ('dada0007-0004-4000-8000-000000000002', 'dada0001-0004-4000-8000-000000000000', '00000000-0000-0000-0000-0000000000c1', 'meeting', 'conseiller', 'Rendez-vous de découverte', 'Point patrimonial global et objectifs d''investissement.', '{}'::jsonb, '2025-09-12 14:30:00+00');
insert into public.client_events (id, client_id, cabinet_id, type, actor, title, body, data, occurred_at) values ('dada0007-0004-4000-8000-000000000003', 'dada0001-0004-4000-8000-000000000000', '00000000-0000-0000-0000-0000000000c1', 'questionnaire_updated', 'conseiller', 'Questionnaires de qualification complétés', 'KYC, adéquation, ESG et fiscalité renseignés.', '{}'::jsonb, '2025-09-16 16:00:00+00');
insert into public.client_events (id, client_id, cabinet_id, type, actor, title, body, data, occurred_at) values ('dada0007-0004-4000-8000-000000000004', 'dada0001-0004-4000-8000-000000000000', '00000000-0000-0000-0000-0000000000c1', 'login', 'client', 'Connexion au portail', null, '{}'::jsonb, '2025-09-18 20:12:00+00');
insert into public.client_events (id, client_id, cabinet_id, type, actor, title, body, data, occurred_at) values ('dada0007-0004-4000-8000-000000000005', 'dada0001-0004-4000-8000-000000000000', '00000000-0000-0000-0000-0000000000c1', 'fund_viewed', 'client', 'Consultation d''un fonds', 'Fiche fonds consultée depuis le portail.', '{}'::jsonb, '2025-09-18 20:20:00+00');
insert into public.client_events (id, client_id, cabinet_id, type, actor, title, body, data, occurred_at) values ('dada0007-0004-4000-8000-000000000006', 'dada0001-0004-4000-8000-000000000000', '00000000-0000-0000-0000-0000000000c1', 'proposal_created', 'conseiller', 'Proposition d''allocation — 450 000 €', 'Note d''allocation multi-fonds générée depuis le moteur.', '{"amount":450000,"allocation_id":"dada0003-0004-4000-8000-000000000000"}'::jsonb, '2026-05-08 15:00:00+00');
insert into public.client_events (id, client_id, cabinet_id, type, actor, title, body, data, occurred_at) values ('dada0007-0004-4000-8000-000000000007', 'dada0001-0004-4000-8000-000000000000', '00000000-0000-0000-0000-0000000000c1', 'proposal_sent', 'conseiller', 'Proposition envoyée au client', null, '{"allocation_id":"dada0003-0004-4000-8000-000000000000"}'::jsonb, '2026-05-09 09:00:00+00');
insert into public.client_events (id, client_id, cabinet_id, type, actor, title, body, data, occurred_at) values ('dada0007-0004-4000-8000-000000000008', 'dada0001-0004-4000-8000-000000000000', '00000000-0000-0000-0000-0000000000c1', 'proposal_viewed', 'client', 'Proposition consultée', null, '{"allocation_id":"dada0003-0004-4000-8000-000000000000"}'::jsonb, '2026-05-09 21:40:00+00');
insert into public.client_events (id, client_id, cabinet_id, type, actor, title, body, data, occurred_at) values ('dada0007-0004-4000-8000-000000000009', 'dada0001-0004-4000-8000-000000000000', '00000000-0000-0000-0000-0000000000c1', 'subscription_created', 'conseiller', 'Bulletins de souscription générés', 'Bulletins émis par compartiment.', '{"amount":450000,"allocation_id":"dada0003-0004-4000-8000-000000000000"}'::jsonb, '2026-06-12 11:00:00+00');
insert into public.client_events (id, client_id, cabinet_id, type, actor, title, body, data, occurred_at) values ('dada0007-0004-4000-8000-000000000010', 'dada0001-0004-4000-8000-000000000000', '00000000-0000-0000-0000-0000000000c1', 'subscription_signed', 'client', 'Bulletins signés électroniquement', 'Signature électronique reçue.', '{"allocation_id":"dada0003-0004-4000-8000-000000000000"}'::jsonb, '2026-06-15 18:20:00+00');
insert into public.client_events (id, client_id, cabinet_id, type, actor, title, body, data, occurred_at) values ('dada0007-0004-4000-8000-000000000011', 'dada0001-0004-4000-8000-000000000000', '00000000-0000-0000-0000-0000000000c1', 'email', 'conseiller', 'Confirmation d''enregistrement', 'Accusé de réception de la société de gestion transmis.', '{}'::jsonb, '2026-06-17 10:00:00+00');
insert into public.client_events (id, client_id, cabinet_id, type, actor, title, body, data, occurred_at) values ('dada0007-0005-4000-8000-000000000001', 'dada0001-0005-4000-8000-000000000000', '00000000-0000-0000-0000-0000000000c1', 'client_created', 'conseiller', 'Dossier créé', null, '{}'::jsonb, '2025-09-30 09:15:00+00');
insert into public.client_events (id, client_id, cabinet_id, type, actor, title, body, data, occurred_at) values ('dada0007-0005-4000-8000-000000000002', 'dada0001-0005-4000-8000-000000000000', '00000000-0000-0000-0000-0000000000c1', 'meeting', 'conseiller', 'Rendez-vous de découverte', 'Point patrimonial global et objectifs d''investissement.', '{}'::jsonb, '2025-10-02 14:30:00+00');
insert into public.client_events (id, client_id, cabinet_id, type, actor, title, body, data, occurred_at) values ('dada0007-0005-4000-8000-000000000003', 'dada0001-0005-4000-8000-000000000000', '00000000-0000-0000-0000-0000000000c1', 'questionnaire_updated', 'conseiller', 'Questionnaires de qualification complétés', 'KYC, adéquation, ESG et fiscalité renseignés.', '{}'::jsonb, '2025-10-06 16:00:00+00');
insert into public.client_events (id, client_id, cabinet_id, type, actor, title, body, data, occurred_at) values ('dada0007-0005-4000-8000-000000000004', 'dada0001-0005-4000-8000-000000000000', '00000000-0000-0000-0000-0000000000c1', 'login', 'client', 'Connexion au portail', null, '{}'::jsonb, '2025-10-08 20:12:00+00');
insert into public.client_events (id, client_id, cabinet_id, type, actor, title, body, data, occurred_at) values ('dada0007-0005-4000-8000-000000000005', 'dada0001-0005-4000-8000-000000000000', '00000000-0000-0000-0000-0000000000c1', 'fund_viewed', 'client', 'Consultation d''un fonds', 'Fiche fonds consultée depuis le portail.', '{}'::jsonb, '2025-10-08 20:20:00+00');
insert into public.client_events (id, client_id, cabinet_id, type, actor, title, body, data, occurred_at) values ('dada0007-0005-4000-8000-000000000006', 'dada0001-0005-4000-8000-000000000000', '00000000-0000-0000-0000-0000000000c1', 'proposal_created', 'conseiller', 'Proposition d''allocation — 400 000 €', 'Note d''allocation multi-fonds générée depuis le moteur.', '{"amount":400000,"allocation_id":"dada0003-0005-4000-8000-000000000000"}'::jsonb, '2026-05-08 15:00:00+00');
insert into public.client_events (id, client_id, cabinet_id, type, actor, title, body, data, occurred_at) values ('dada0007-0005-4000-8000-000000000007', 'dada0001-0005-4000-8000-000000000000', '00000000-0000-0000-0000-0000000000c1', 'proposal_sent', 'conseiller', 'Proposition envoyée au client', null, '{"allocation_id":"dada0003-0005-4000-8000-000000000000"}'::jsonb, '2026-05-09 09:00:00+00');
insert into public.client_events (id, client_id, cabinet_id, type, actor, title, body, data, occurred_at) values ('dada0007-0005-4000-8000-000000000008', 'dada0001-0005-4000-8000-000000000000', '00000000-0000-0000-0000-0000000000c1', 'proposal_viewed', 'client', 'Proposition consultée', null, '{"allocation_id":"dada0003-0005-4000-8000-000000000000"}'::jsonb, '2026-05-09 21:40:00+00');
insert into public.client_events (id, client_id, cabinet_id, type, actor, title, body, data, occurred_at) values ('dada0007-0005-4000-8000-000000000009', 'dada0001-0005-4000-8000-000000000000', '00000000-0000-0000-0000-0000000000c1', 'phone_call', 'conseiller', 'Suivi de la proposition', 'Échange sur le rythme d''appel et la fiscalité.', '{}'::jsonb, '2026-05-12 11:30:00+00');
insert into public.client_events (id, client_id, cabinet_id, type, actor, title, body, data, occurred_at) values ('dada0007-0006-4000-8000-000000000001', 'dada0001-0006-4000-8000-000000000000', '00000000-0000-0000-0000-0000000000c1', 'client_created', 'conseiller', 'Dossier créé', null, '{}'::jsonb, '2025-10-20 09:15:00+00');
insert into public.client_events (id, client_id, cabinet_id, type, actor, title, body, data, occurred_at) values ('dada0007-0006-4000-8000-000000000002', 'dada0001-0006-4000-8000-000000000000', '00000000-0000-0000-0000-0000000000c1', 'meeting', 'conseiller', 'Rendez-vous de découverte', 'Point patrimonial global et objectifs d''investissement.', '{}'::jsonb, '2025-10-22 14:30:00+00');
insert into public.client_events (id, client_id, cabinet_id, type, actor, title, body, data, occurred_at) values ('dada0007-0006-4000-8000-000000000003', 'dada0001-0006-4000-8000-000000000000', '00000000-0000-0000-0000-0000000000c1', 'questionnaire_updated', 'conseiller', 'Questionnaires de qualification complétés', 'KYC, adéquation, ESG et fiscalité renseignés.', '{}'::jsonb, '2025-10-26 16:00:00+00');
insert into public.client_events (id, client_id, cabinet_id, type, actor, title, body, data, occurred_at) values ('dada0007-0006-4000-8000-000000000004', 'dada0001-0006-4000-8000-000000000000', '00000000-0000-0000-0000-0000000000c1', 'login', 'client', 'Connexion au portail', null, '{}'::jsonb, '2025-10-28 20:12:00+00');
insert into public.client_events (id, client_id, cabinet_id, type, actor, title, body, data, occurred_at) values ('dada0007-0006-4000-8000-000000000005', 'dada0001-0006-4000-8000-000000000000', '00000000-0000-0000-0000-0000000000c1', 'fund_viewed', 'client', 'Consultation d''un fonds', 'Fiche fonds consultée depuis le portail.', '{}'::jsonb, '2025-10-28 20:20:00+00');
insert into public.client_events (id, client_id, cabinet_id, type, actor, title, body, data, occurred_at) values ('dada0007-0006-4000-8000-000000000006', 'dada0001-0006-4000-8000-000000000000', '00000000-0000-0000-0000-0000000000c1', 'capital_call', 'systeme', 'Appel de fonds — Ardian Buyout Fund VII (millésime 2018)', 'Appel de capital honoré par virement.', '{"amount":250000,"state":"payee","fund":"Ardian Buyout Fund VII (millésime 2018)"}'::jsonb, '2025-11-29 10:00:00+00');
insert into public.client_events (id, client_id, cabinet_id, type, actor, title, body, data, occurred_at) values ('dada0007-0006-4000-8000-000000000007', 'dada0001-0006-4000-8000-000000000000', '00000000-0000-0000-0000-0000000000c1', 'distribution', 'systeme', 'Distribution — Ardian Buyout Fund VII (millésime 2018)', 'Distribution encaissée (retour de capital + plus-value).', '{"amount":150000,"state":"encaissee","fund":"Ardian Buyout Fund VII (millésime 2018)"}'::jsonb, '2025-11-14 10:00:00+00');
insert into public.client_events (id, client_id, cabinet_id, type, actor, title, body, data, occurred_at) values ('dada0007-0006-4000-8000-000000000008', 'dada0001-0006-4000-8000-000000000000', '00000000-0000-0000-0000-0000000000c1', 'capital_call', 'systeme', 'Appel de fonds — Eurazeo Growth II (millésime 2019)', 'Appel de capital honoré par virement.', '{"amount":200000,"state":"payee","fund":"Eurazeo Growth II (millésime 2019)"}'::jsonb, '2025-12-19 10:00:00+00');
insert into public.client_events (id, client_id, cabinet_id, type, actor, title, body, data, occurred_at) values ('dada0007-0006-4000-8000-000000000009', 'dada0001-0006-4000-8000-000000000000', '00000000-0000-0000-0000-0000000000c1', 'distribution', 'systeme', 'Distribution — Eurazeo Growth II (millésime 2019)', 'Distribution encaissée (retour de capital + plus-value).', '{"amount":125000,"state":"encaissee","fund":"Eurazeo Growth II (millésime 2019)"}'::jsonb, '2025-11-07 10:00:00+00');
insert into public.client_events (id, client_id, cabinet_id, type, actor, title, body, data, occurred_at) values ('dada0007-0006-4000-8000-000000000010', 'dada0001-0006-4000-8000-000000000000', '00000000-0000-0000-0000-0000000000c1', 'capital_call', 'systeme', 'Appel de fonds — Tikehau Private Debt IV (millésime 2020)', 'Appel de capital honoré par virement.', '{"amount":150000,"state":"payee","fund":"Tikehau Private Debt IV (millésime 2020)"}'::jsonb, '2026-01-18 10:00:00+00');
insert into public.client_events (id, client_id, cabinet_id, type, actor, title, body, data, occurred_at) values ('dada0007-0006-4000-8000-000000000011', 'dada0001-0006-4000-8000-000000000000', '00000000-0000-0000-0000-0000000000c1', 'distribution', 'systeme', 'Distribution — Tikehau Private Debt IV (millésime 2020)', 'Distribution encaissée (retour de capital + plus-value).', '{"amount":100000,"state":"encaissee","fund":"Tikehau Private Debt IV (millésime 2020)"}'::jsonb, '2025-11-01 10:00:00+00');
insert into public.client_events (id, client_id, cabinet_id, type, actor, title, body, data, occurred_at) values ('dada0007-0006-4000-8000-000000000012', 'dada0001-0006-4000-8000-000000000000', '00000000-0000-0000-0000-0000000000c1', 'distribution', 'systeme', 'Distribution — Ardian Secondary Fund VI', 'Distribution partielle du millésime secondaire.', '{"amount":75000,"state":"encaissee","fund":"Ardian Secondary Fund VI"}'::jsonb, '2025-10-26 09:30:00+00');
insert into public.client_events (id, client_id, cabinet_id, type, actor, title, body, data, occurred_at) values ('dada0007-0006-4000-8000-000000000013', 'dada0001-0006-4000-8000-000000000000', '00000000-0000-0000-0000-0000000000c1', 'proposal_created', 'conseiller', 'Proposition d''allocation — 1 100 000 €', 'Note d''allocation multi-fonds générée depuis le moteur.', '{"amount":1100000,"allocation_id":"dada0003-0006-4000-8000-000000000000"}'::jsonb, '2025-09-10 15:00:00+00');
insert into public.client_events (id, client_id, cabinet_id, type, actor, title, body, data, occurred_at) values ('dada0007-0006-4000-8000-000000000014', 'dada0001-0006-4000-8000-000000000000', '00000000-0000-0000-0000-0000000000c1', 'proposal_sent', 'conseiller', 'Proposition envoyée au client', null, '{"allocation_id":"dada0003-0006-4000-8000-000000000000"}'::jsonb, '2025-09-11 09:00:00+00');
insert into public.client_events (id, client_id, cabinet_id, type, actor, title, body, data, occurred_at) values ('dada0007-0006-4000-8000-000000000015', 'dada0001-0006-4000-8000-000000000000', '00000000-0000-0000-0000-0000000000c1', 'proposal_viewed', 'client', 'Proposition consultée', null, '{"allocation_id":"dada0003-0006-4000-8000-000000000000"}'::jsonb, '2025-09-11 21:40:00+00');
insert into public.client_events (id, client_id, cabinet_id, type, actor, title, body, data, occurred_at) values ('dada0007-0006-4000-8000-000000000016', 'dada0001-0006-4000-8000-000000000000', '00000000-0000-0000-0000-0000000000c1', 'subscription_created', 'conseiller', 'Bulletins de souscription générés', 'Bulletins émis par compartiment.', '{"amount":1100000,"allocation_id":"dada0003-0006-4000-8000-000000000000"}'::jsonb, '2025-12-09 11:00:00+00');
insert into public.client_events (id, client_id, cabinet_id, type, actor, title, body, data, occurred_at) values ('dada0007-0006-4000-8000-000000000017', 'dada0001-0006-4000-8000-000000000000', '00000000-0000-0000-0000-0000000000c1', 'subscription_signed', 'client', 'Bulletins signés électroniquement', 'Signature électronique reçue.', '{"allocation_id":"dada0003-0006-4000-8000-000000000000"}'::jsonb, '2025-12-12 18:20:00+00');
insert into public.client_events (id, client_id, cabinet_id, type, actor, title, body, data, occurred_at) values ('dada0007-0006-4000-8000-000000000018', 'dada0001-0006-4000-8000-000000000000', '00000000-0000-0000-0000-0000000000c1', 'email', 'conseiller', 'Confirmation d''enregistrement', 'Accusé de réception de la société de gestion transmis.', '{}'::jsonb, '2025-12-14 10:00:00+00');
insert into public.client_events (id, client_id, cabinet_id, type, actor, title, body, data, occurred_at) values ('dada0007-0007-4000-8000-000000000001', 'dada0001-0007-4000-8000-000000000000', '00000000-0000-0000-0000-0000000000c1', 'client_created', 'conseiller', 'Dossier créé', null, '{}'::jsonb, '2025-11-09 09:15:00+00');
insert into public.client_events (id, client_id, cabinet_id, type, actor, title, body, data, occurred_at) values ('dada0007-0007-4000-8000-000000000002', 'dada0001-0007-4000-8000-000000000000', '00000000-0000-0000-0000-0000000000c1', 'meeting', 'conseiller', 'Rendez-vous de découverte', 'Point patrimonial global et objectifs d''investissement.', '{}'::jsonb, '2025-11-11 14:30:00+00');
insert into public.client_events (id, client_id, cabinet_id, type, actor, title, body, data, occurred_at) values ('dada0007-0007-4000-8000-000000000003', 'dada0001-0007-4000-8000-000000000000', '00000000-0000-0000-0000-0000000000c1', 'questionnaire_updated', 'conseiller', 'Questionnaires de qualification complétés', 'KYC, adéquation, ESG et fiscalité renseignés.', '{}'::jsonb, '2025-11-15 16:00:00+00');
insert into public.client_events (id, client_id, cabinet_id, type, actor, title, body, data, occurred_at) values ('dada0007-0007-4000-8000-000000000004', 'dada0001-0007-4000-8000-000000000000', '00000000-0000-0000-0000-0000000000c1', 'login', 'client', 'Connexion au portail', null, '{}'::jsonb, '2025-11-17 20:12:00+00');
insert into public.client_events (id, client_id, cabinet_id, type, actor, title, body, data, occurred_at) values ('dada0007-0007-4000-8000-000000000005', 'dada0001-0007-4000-8000-000000000000', '00000000-0000-0000-0000-0000000000c1', 'fund_viewed', 'client', 'Consultation d''un fonds', 'Fiche fonds consultée depuis le portail.', '{}'::jsonb, '2025-11-17 20:20:00+00');
insert into public.client_events (id, client_id, cabinet_id, type, actor, title, body, data, occurred_at) values ('dada0007-0007-4000-8000-000000000006', 'dada0001-0007-4000-8000-000000000000', '00000000-0000-0000-0000-0000000000c1', 'proposal_created', 'conseiller', 'Proposition d''allocation — 400 000 €', 'Note d''allocation multi-fonds générée depuis le moteur.', '{"amount":400000,"allocation_id":"dada0003-0007-4000-8000-000000000000"}'::jsonb, '2026-05-08 15:00:00+00');
insert into public.client_events (id, client_id, cabinet_id, type, actor, title, body, data, occurred_at) values ('dada0007-0007-4000-8000-000000000007', 'dada0001-0007-4000-8000-000000000000', '00000000-0000-0000-0000-0000000000c1', 'proposal_sent', 'conseiller', 'Proposition envoyée au client', null, '{"allocation_id":"dada0003-0007-4000-8000-000000000000"}'::jsonb, '2026-05-09 09:00:00+00');
insert into public.client_events (id, client_id, cabinet_id, type, actor, title, body, data, occurred_at) values ('dada0007-0007-4000-8000-000000000008', 'dada0001-0007-4000-8000-000000000000', '00000000-0000-0000-0000-0000000000c1', 'proposal_viewed', 'client', 'Proposition consultée', null, '{"allocation_id":"dada0003-0007-4000-8000-000000000000"}'::jsonb, '2026-05-09 21:40:00+00');
insert into public.client_events (id, client_id, cabinet_id, type, actor, title, body, data, occurred_at) values ('dada0007-0007-4000-8000-000000000009', 'dada0001-0007-4000-8000-000000000000', '00000000-0000-0000-0000-0000000000c1', 'phone_call', 'conseiller', 'Suivi de la proposition', 'Échange sur le rythme d''appel et la fiscalité.', '{}'::jsonb, '2026-05-12 11:30:00+00');
insert into public.client_events (id, client_id, cabinet_id, type, actor, title, body, data, occurred_at) values ('dada0007-0008-4000-8000-000000000001', 'dada0001-0008-4000-8000-000000000000', '00000000-0000-0000-0000-0000000000c1', 'client_created', 'conseiller', 'Dossier créé', null, '{}'::jsonb, '2025-11-29 09:15:00+00');
insert into public.client_events (id, client_id, cabinet_id, type, actor, title, body, data, occurred_at) values ('dada0007-0008-4000-8000-000000000002', 'dada0001-0008-4000-8000-000000000000', '00000000-0000-0000-0000-0000000000c1', 'meeting', 'conseiller', 'Rendez-vous de découverte', 'Point patrimonial global et objectifs d''investissement.', '{}'::jsonb, '2025-12-01 14:30:00+00');
insert into public.client_events (id, client_id, cabinet_id, type, actor, title, body, data, occurred_at) values ('dada0007-0008-4000-8000-000000000003', 'dada0001-0008-4000-8000-000000000000', '00000000-0000-0000-0000-0000000000c1', 'questionnaire_updated', 'conseiller', 'Questionnaires de qualification complétés', 'KYC, adéquation, ESG et fiscalité renseignés.', '{}'::jsonb, '2025-12-05 16:00:00+00');
insert into public.client_events (id, client_id, cabinet_id, type, actor, title, body, data, occurred_at) values ('dada0007-0008-4000-8000-000000000004', 'dada0001-0008-4000-8000-000000000000', '00000000-0000-0000-0000-0000000000c1', 'login', 'client', 'Connexion au portail', null, '{}'::jsonb, '2025-12-07 20:12:00+00');
insert into public.client_events (id, client_id, cabinet_id, type, actor, title, body, data, occurred_at) values ('dada0007-0008-4000-8000-000000000005', 'dada0001-0008-4000-8000-000000000000', '00000000-0000-0000-0000-0000000000c1', 'fund_viewed', 'client', 'Consultation d''un fonds', 'Fiche fonds consultée depuis le portail.', '{}'::jsonb, '2025-12-07 20:20:00+00');
insert into public.client_events (id, client_id, cabinet_id, type, actor, title, body, data, occurred_at) values ('dada0007-0008-4000-8000-000000000006', 'dada0001-0008-4000-8000-000000000000', '00000000-0000-0000-0000-0000000000c1', 'proposal_created', 'conseiller', 'Proposition d''allocation — 300 000 €', 'Note d''allocation multi-fonds générée depuis le moteur.', '{"amount":300000,"allocation_id":"dada0003-0008-4000-8000-000000000000"}'::jsonb, '2026-05-08 15:00:00+00');
insert into public.client_events (id, client_id, cabinet_id, type, actor, title, body, data, occurred_at) values ('dada0007-0008-4000-8000-000000000007', 'dada0001-0008-4000-8000-000000000000', '00000000-0000-0000-0000-0000000000c1', 'proposal_sent', 'conseiller', 'Proposition envoyée au client', null, '{"allocation_id":"dada0003-0008-4000-8000-000000000000"}'::jsonb, '2026-05-09 09:00:00+00');
insert into public.client_events (id, client_id, cabinet_id, type, actor, title, body, data, occurred_at) values ('dada0007-0008-4000-8000-000000000008', 'dada0001-0008-4000-8000-000000000000', '00000000-0000-0000-0000-0000000000c1', 'proposal_viewed', 'client', 'Proposition consultée', null, '{"allocation_id":"dada0003-0008-4000-8000-000000000000"}'::jsonb, '2026-05-09 21:40:00+00');
insert into public.client_events (id, client_id, cabinet_id, type, actor, title, body, data, occurred_at) values ('dada0007-0008-4000-8000-000000000009', 'dada0001-0008-4000-8000-000000000000', '00000000-0000-0000-0000-0000000000c1', 'phone_call', 'conseiller', 'Suivi de la proposition', 'Échange sur le rythme d''appel et la fiscalité.', '{}'::jsonb, '2026-05-12 11:30:00+00');
insert into public.client_events (id, client_id, cabinet_id, type, actor, title, body, data, occurred_at) values ('dada0007-0009-4000-8000-000000000001', 'dada0001-0009-4000-8000-000000000000', '00000000-0000-0000-0000-0000000000c1', 'client_created', 'conseiller', 'Dossier créé', null, '{}'::jsonb, '2025-12-19 09:15:00+00');
insert into public.client_events (id, client_id, cabinet_id, type, actor, title, body, data, occurred_at) values ('dada0007-0009-4000-8000-000000000002', 'dada0001-0009-4000-8000-000000000000', '00000000-0000-0000-0000-0000000000c1', 'meeting', 'conseiller', 'Rendez-vous de découverte', 'Point patrimonial global et objectifs d''investissement.', '{}'::jsonb, '2025-12-21 14:30:00+00');
insert into public.client_events (id, client_id, cabinet_id, type, actor, title, body, data, occurred_at) values ('dada0007-0009-4000-8000-000000000003', 'dada0001-0009-4000-8000-000000000000', '00000000-0000-0000-0000-0000000000c1', 'questionnaire_updated', 'conseiller', 'Questionnaires de qualification complétés', 'KYC, adéquation, ESG et fiscalité renseignés.', '{}'::jsonb, '2025-12-25 16:00:00+00');
insert into public.client_events (id, client_id, cabinet_id, type, actor, title, body, data, occurred_at) values ('dada0007-0009-4000-8000-000000000004', 'dada0001-0009-4000-8000-000000000000', '00000000-0000-0000-0000-0000000000c1', 'login', 'client', 'Connexion au portail', null, '{}'::jsonb, '2025-12-27 20:12:00+00');
insert into public.client_events (id, client_id, cabinet_id, type, actor, title, body, data, occurred_at) values ('dada0007-0009-4000-8000-000000000005', 'dada0001-0009-4000-8000-000000000000', '00000000-0000-0000-0000-0000000000c1', 'fund_viewed', 'client', 'Consultation d''un fonds', 'Fiche fonds consultée depuis le portail.', '{}'::jsonb, '2025-12-27 20:20:00+00');
insert into public.client_events (id, client_id, cabinet_id, type, actor, title, body, data, occurred_at) values ('dada0007-0009-4000-8000-000000000006', 'dada0001-0009-4000-8000-000000000000', '00000000-0000-0000-0000-0000000000c1', 'capital_call', 'systeme', 'Appel de fonds — Ardian Buyout Fund VII (millésime 2018)', 'Appel de capital honoré par virement.', '{"amount":410000,"state":"payee","fund":"Ardian Buyout Fund VII (millésime 2018)"}'::jsonb, '2026-01-28 10:00:00+00');
insert into public.client_events (id, client_id, cabinet_id, type, actor, title, body, data, occurred_at) values ('dada0007-0009-4000-8000-000000000007', 'dada0001-0009-4000-8000-000000000000', '00000000-0000-0000-0000-0000000000c1', 'distribution', 'systeme', 'Distribution — Ardian Buyout Fund VII (millésime 2018)', 'Distribution encaissée (retour de capital + plus-value).', '{"amount":246000,"state":"encaissee","fund":"Ardian Buyout Fund VII (millésime 2018)"}'::jsonb, '2026-01-13 10:00:00+00');
insert into public.client_events (id, client_id, cabinet_id, type, actor, title, body, data, occurred_at) values ('dada0007-0009-4000-8000-000000000008', 'dada0001-0009-4000-8000-000000000000', '00000000-0000-0000-0000-0000000000c1', 'capital_call', 'systeme', 'Appel de fonds — Eurazeo Growth II (millésime 2019)', 'Appel de capital honoré par virement.', '{"amount":328000,"state":"payee","fund":"Eurazeo Growth II (millésime 2019)"}'::jsonb, '2026-02-17 10:00:00+00');
insert into public.client_events (id, client_id, cabinet_id, type, actor, title, body, data, occurred_at) values ('dada0007-0009-4000-8000-000000000009', 'dada0001-0009-4000-8000-000000000000', '00000000-0000-0000-0000-0000000000c1', 'distribution', 'systeme', 'Distribution — Eurazeo Growth II (millésime 2019)', 'Distribution encaissée (retour de capital + plus-value).', '{"amount":205000,"state":"encaissee","fund":"Eurazeo Growth II (millésime 2019)"}'::jsonb, '2026-01-06 10:00:00+00');
insert into public.client_events (id, client_id, cabinet_id, type, actor, title, body, data, occurred_at) values ('dada0007-0009-4000-8000-000000000010', 'dada0001-0009-4000-8000-000000000000', '00000000-0000-0000-0000-0000000000c1', 'capital_call', 'systeme', 'Appel de fonds — Tikehau Private Debt IV (millésime 2020)', 'Appel de capital honoré par virement.', '{"amount":246000,"state":"payee","fund":"Tikehau Private Debt IV (millésime 2020)"}'::jsonb, '2026-03-19 10:00:00+00');
insert into public.client_events (id, client_id, cabinet_id, type, actor, title, body, data, occurred_at) values ('dada0007-0009-4000-8000-000000000011', 'dada0001-0009-4000-8000-000000000000', '00000000-0000-0000-0000-0000000000c1', 'distribution', 'systeme', 'Distribution — Tikehau Private Debt IV (millésime 2020)', 'Distribution encaissée (retour de capital + plus-value).', '{"amount":164000,"state":"encaissee","fund":"Tikehau Private Debt IV (millésime 2020)"}'::jsonb, '2025-12-31 10:00:00+00');
insert into public.client_events (id, client_id, cabinet_id, type, actor, title, body, data, occurred_at) values ('dada0007-0009-4000-8000-000000000012', 'dada0001-0009-4000-8000-000000000000', '00000000-0000-0000-0000-0000000000c1', 'distribution', 'systeme', 'Distribution — Ardian Secondary Fund VI', 'Distribution partielle du millésime secondaire.', '{"amount":123000,"state":"encaissee","fund":"Ardian Secondary Fund VI"}'::jsonb, '2025-12-25 09:30:00+00');
insert into public.client_events (id, client_id, cabinet_id, type, actor, title, body, data, occurred_at) values ('dada0007-0009-4000-8000-000000000013', 'dada0001-0009-4000-8000-000000000000', '00000000-0000-0000-0000-0000000000c1', 'proposal_created', 'conseiller', 'Proposition d''allocation — 1 250 000 €', 'Note d''allocation multi-fonds générée depuis le moteur.', '{"amount":1250000,"allocation_id":"dada0003-0009-4000-8000-000000000000"}'::jsonb, '2025-09-10 15:00:00+00');
insert into public.client_events (id, client_id, cabinet_id, type, actor, title, body, data, occurred_at) values ('dada0007-0009-4000-8000-000000000014', 'dada0001-0009-4000-8000-000000000000', '00000000-0000-0000-0000-0000000000c1', 'proposal_sent', 'conseiller', 'Proposition envoyée au client', null, '{"allocation_id":"dada0003-0009-4000-8000-000000000000"}'::jsonb, '2025-09-11 09:00:00+00');
insert into public.client_events (id, client_id, cabinet_id, type, actor, title, body, data, occurred_at) values ('dada0007-0009-4000-8000-000000000015', 'dada0001-0009-4000-8000-000000000000', '00000000-0000-0000-0000-0000000000c1', 'proposal_viewed', 'client', 'Proposition consultée', null, '{"allocation_id":"dada0003-0009-4000-8000-000000000000"}'::jsonb, '2025-09-11 21:40:00+00');
insert into public.client_events (id, client_id, cabinet_id, type, actor, title, body, data, occurred_at) values ('dada0007-0009-4000-8000-000000000016', 'dada0001-0009-4000-8000-000000000000', '00000000-0000-0000-0000-0000000000c1', 'subscription_created', 'conseiller', 'Bulletins de souscription générés', 'Bulletins émis par compartiment.', '{"amount":1250000,"allocation_id":"dada0003-0009-4000-8000-000000000000"}'::jsonb, '2025-12-09 11:00:00+00');
insert into public.client_events (id, client_id, cabinet_id, type, actor, title, body, data, occurred_at) values ('dada0007-0009-4000-8000-000000000017', 'dada0001-0009-4000-8000-000000000000', '00000000-0000-0000-0000-0000000000c1', 'subscription_signed', 'client', 'Bulletins signés électroniquement', 'Signature électronique reçue.', '{"allocation_id":"dada0003-0009-4000-8000-000000000000"}'::jsonb, '2025-12-12 18:20:00+00');
insert into public.client_events (id, client_id, cabinet_id, type, actor, title, body, data, occurred_at) values ('dada0007-0009-4000-8000-000000000018', 'dada0001-0009-4000-8000-000000000000', '00000000-0000-0000-0000-0000000000c1', 'email', 'conseiller', 'Confirmation d''enregistrement', 'Accusé de réception de la société de gestion transmis.', '{}'::jsonb, '2025-12-14 10:00:00+00');
insert into public.client_events (id, client_id, cabinet_id, type, actor, title, body, data, occurred_at) values ('dada0007-0010-4000-8000-000000000001', 'dada0001-0010-4000-8000-000000000000', '00000000-0000-0000-0000-0000000000c1', 'client_created', 'conseiller', 'Dossier créé', null, '{}'::jsonb, '2026-05-28 09:15:00+00');
insert into public.client_events (id, client_id, cabinet_id, type, actor, title, body, data, occurred_at) values ('dada0007-0010-4000-8000-000000000002', 'dada0001-0010-4000-8000-000000000000', '00000000-0000-0000-0000-0000000000c1', 'meeting', 'conseiller', 'Rendez-vous de découverte', 'Point patrimonial global et objectifs d''investissement.', '{}'::jsonb, '2026-05-30 14:30:00+00');
insert into public.client_events (id, client_id, cabinet_id, type, actor, title, body, data, occurred_at) values ('dada0007-0010-4000-8000-000000000003', 'dada0001-0010-4000-8000-000000000000', '00000000-0000-0000-0000-0000000000c1', 'questionnaire_updated', 'conseiller', 'Questionnaires de qualification complétés', 'KYC, adéquation, ESG et fiscalité renseignés.', '{}'::jsonb, '2026-06-03 16:00:00+00');
insert into public.client_events (id, client_id, cabinet_id, type, actor, title, body, data, occurred_at) values ('dada0007-0010-4000-8000-000000000004', 'dada0001-0010-4000-8000-000000000000', '00000000-0000-0000-0000-0000000000c1', 'login', 'client', 'Connexion au portail', null, '{}'::jsonb, '2026-06-05 20:12:00+00');
insert into public.client_events (id, client_id, cabinet_id, type, actor, title, body, data, occurred_at) values ('dada0007-0010-4000-8000-000000000005', 'dada0001-0010-4000-8000-000000000000', '00000000-0000-0000-0000-0000000000c1', 'fund_viewed', 'client', 'Consultation d''un fonds', 'Fiche fonds consultée depuis le portail.', '{}'::jsonb, '2026-06-05 20:20:00+00');
insert into public.client_events (id, client_id, cabinet_id, type, actor, title, body, data, occurred_at) values ('dada0007-0010-4000-8000-000000000006', 'dada0001-0010-4000-8000-000000000000', '00000000-0000-0000-0000-0000000000c1', 'note', 'conseiller', 'À relancer', 'Qualification à finaliser avant proposition d''allocation.', '{}'::jsonb, '2026-06-07 17:00:00+00');
insert into public.client_events (id, client_id, cabinet_id, type, actor, title, body, data, occurred_at) values ('dada0007-0011-4000-8000-000000000001', 'dada0001-0011-4000-8000-000000000000', '00000000-0000-0000-0000-0000000000c1', 'client_created', 'conseiller', 'Dossier créé', null, '{}'::jsonb, '2026-05-28 09:15:00+00');
insert into public.client_events (id, client_id, cabinet_id, type, actor, title, body, data, occurred_at) values ('dada0007-0011-4000-8000-000000000002', 'dada0001-0011-4000-8000-000000000000', '00000000-0000-0000-0000-0000000000c1', 'meeting', 'conseiller', 'Rendez-vous de découverte', 'Point patrimonial global et objectifs d''investissement.', '{}'::jsonb, '2026-05-30 14:30:00+00');
insert into public.client_events (id, client_id, cabinet_id, type, actor, title, body, data, occurred_at) values ('dada0007-0011-4000-8000-000000000003', 'dada0001-0011-4000-8000-000000000000', '00000000-0000-0000-0000-0000000000c1', 'phone_call', 'conseiller', 'Premier échange téléphonique', 'Prise de contact suite recommandation. RDV de découverte à planifier.', '{}'::jsonb, '2026-06-02 11:00:00+00');

commit;